time,high,low,open,volumefrom,volumeto,close,conversionType,conversionSymbol
2016-01-09,0.0,0.0,0.0,0.0,0.0,0.0,direct,
2017-10-01,0.08806,0.01497,0.03925,1714880221.3,43190415.57,0.02519,multiply,BTC
2017-10-02,0.03063,0.01972,0.02519,2193436913.28,56765624.4,0.02588,multiply,BTC
2017-10-03,0.02683,0.02066,0.02588,718262823.26,14966793.97,0.02084,multiply,BTC
2017-10-04,0.02308,0.02033,0.02084,412967946.05,9041869.33,0.02189,multiply,BTC
2017-10-05,0.02269,0.02096,0.02189,251628618.6,5415241.93,0.02152,multiply,BTC
2017-10-06,0.02186,0.01814,0.02152,372098441.65,6881330.42,0.01849,multiply,BTC
2017-10-07,0.02182,0.01774,0.01849,374170143.19,7784216.54,0.0208,multiply,BTC
2017-10-08,0.0244,0.02015,0.0208,344317591.75,7066108.0,0.02052,multiply,BTC
2017-10-09,0.0237,0.02107,0.02052,208740275.58,4607316.16,0.02207,multiply,BTC
2017-10-10,0.02229,0.0211,0.02207,126480704.1,2717153.8,0.02148,multiply,BTC
2017-10-11,0.02263,0.02123,0.02148,164904360.51,3715132.65,0.02253,multiply,BTC
2017-10-12,0.02743,0.0232,0.02253,343803093.02,9058595.06,0.02635,multiply,BTC
2017-10-13,0.03456,0.02537,0.02635,520342338.92,17453165.07,0.03354,multiply,BTC
2017-10-14,0.03955,0.02953,0.03354,792840919.35,25537918.43,0.03221,multiply,BTC
2017-10-15,0.03293,0.02958,0.03221,221666539.84,6657395.25,0.03003,multiply,BTC
2017-10-16,0.03139,0.0288,0.02992,189713134.22,5484955.14,0.02891,multiply,BTC
2017-10-17,0.02878,0.02475,0.02891,225242505.55,6128645.59,0.02721,multiply,BTC
2017-10-18,0.02766,0.02587,0.02721,70396420.82,1876238.31,0.02665,multiply,BTC
2017-10-19,0.02758,0.02616,0.02666,109264417.06,2951406.84,0.02701,multiply,BTC
2017-10-20,0.03164,0.02799,0.02701,290322512.38,8856267.89,0.0305,multiply,BTC
2017-10-21,0.03093,0.02763,0.0305,185580624.83,5272615.48,0.02841,multiply,BTC
2017-10-22,0.02842,0.02752,0.02841,103530064.15,2867849.22,0.0277,multiply,BTC
2017-10-23,0.02757,0.0245,0.0277,135013715.72,3483188.57,0.0258,multiply,BTC
2017-10-24,0.02839,0.02266,0.0258,284654158.99,7689673.64,0.02701,multiply,BTC
2017-10-25,0.02867,0.02666,0.02701,91100996.76,2496943.49,0.02741,multiply,BTC
2017-10-26,0.02838,0.02655,0.02741,89386495.95,2426117.73,0.02714,multiply,BTC
2017-10-27,0.02657,0.02508,0.02714,93383690.55,2470869.92,0.02646,multiply,BTC
2017-10-28,0.02634,0.02577,0.02646,66899011.41,1731632.56,0.02588,multiply,BTC
2017-10-29,0.03012,0.02754,0.02588,163710098.95,4639555.21,0.02834,multiply,BTC
2017-10-30,0.02885,0.02744,0.02834,133679387.86,3815095.41,0.02854,multiply,BTC
2017-10-31,0.03174,0.02897,0.02854,240371750.85,7334791.39,0.03051,multiply,BTC
2017-11-01,0.032,0.02298,0.03057,343507310.31,7915510.26,0.02304,multiply,BTC
2017-11-02,0.02634,0.01784,0.02304,274019086.98,5832544.03,0.02129,multiply,BTC
2017-11-03,0.0236,0.0196,0.02129,132014491.82,2974177.98,0.02253,multiply,BTC
2017-11-04,0.0243,0.02172,0.0223,112414141.73,2466829.87,0.02194,multiply,BTC
2017-11-05,0.02283,0.02062,0.02194,110588890.32,2288165.98,0.02069,multiply,BTC
2017-11-06,0.02324,0.01949,0.02069,211695627.86,4625969.09,0.02185,multiply,BTC
2017-11-07,0.02379,0.02145,0.02185,111588070.46,2464930.54,0.02209,multiply,BTC
2017-11-08,0.02754,0.02204,0.02209,259967107.53,6521923.04,0.02509,multiply,BTC
2017-11-09,0.03493,0.02396,0.02509,615507183.44,19835178.65,0.03223,multiply,BTC
2017-11-10,0.03014,0.02639,0.03223,243086113.86,6416140.32,0.02639,multiply,BTC
2017-11-11,0.0284,0.02568,0.02659,201507940.44,5480612.84,0.0272,multiply,BTC
2017-11-12,0.02633,0.02228,0.0272,308434735.11,7433379.82,0.0241,multiply,BTC
2017-11-13,0.02739,0.02472,0.0241,170763891.61,4388367.84,0.0257,multiply,BTC
2017-11-14,0.02672,0.02553,0.0257,116207516.75,3043513.0,0.02619,multiply,BTC
2017-11-15,0.02891,0.0252,0.02619,250554443.78,6660677.45,0.02658,multiply,BTC
2017-11-16,0.03008,0.0271,0.02658,172505736.55,4741816.99,0.02749,multiply,BTC
2017-11-17,0.02687,0.02402,0.02741,139165420.92,3579033.05,0.02572,multiply,BTC
2017-11-18,0.02708,0.02544,0.02572,111339141.52,2928161.06,0.0263,multiply,BTC
2017-11-19,0.02919,0.02662,0.0263,169334037.88,4753005.55,0.02807,multiply,BTC
2017-11-20,0.03463,0.02795,0.02815,514319987.28,15223067.79,0.0296,multiply,BTC
2017-11-21,0.02965,0.02786,0.0296,205711069.32,5831887.22,0.02835,multiply,BTC
2017-11-22,0.02907,0.02808,0.02835,172087858.86,4931389.95,0.02866,multiply,BTC
2017-11-23,0.02805,0.02668,0.02857,185574523.77,5085829.83,0.02741,multiply,BTC
2017-11-24,0.02846,0.02706,0.02741,185433934.67,5231230.74,0.02821,multiply,BTC
2017-11-25,0.03152,0.02959,0.02822,202589511.86,6172157.14,0.03047,multiply,BTC
2017-11-26,0.03914,0.03159,0.03047,823215387.82,30070581.6,0.03653,multiply,BTC
2017-11-27,0.05791,0.0366,0.03671,1543390025.61,77814601.27,0.05042,multiply,BTC
2017-11-28,0.1661,0.04834,0.05012,2291835517.87,273571322.48,0.1194,multiply,BTC
2017-11-29,0.1361,0.07694,0.1114,31718625.54,2852429.6,0.08993,multiply,ETH
2017-11-30,0.1305,0.09149,0.0899,24463426.35,2946704.1,0.1205,multiply,ETH
2017-12-01,0.162,0.1205,0.1206,16514670.57,2195378.39,0.1329,multiply,ETH
2017-12-02,0.1373,0.1286,0.1329,9665287.01,1288057.62,0.1333,multiply,ETH
2017-12-03,0.1356,0.1282,0.1333,6794399.99,906878.49,0.1335,multiply,ETH
2017-12-04,0.1507,0.128,0.1335,13742396.98,1865987.24,0.1358,multiply,ETH
2017-12-05,0.1341,0.1253,0.1358,14628842.4,1833555.06,0.1253,multiply,ETH
2017-12-06,0.1325,0.108,0.1262,19156946.68,2271824.91,0.1186,multiply,ETH
2017-12-07,0.1319,0.1027,0.1186,13304724.31,1373365.07,0.1032,multiply,ETH
2017-12-08,0.1215,0.09938,0.1031,15604882.26,1829306.2,0.1172,multiply,ETH
2017-12-09,0.1333,0.1106,0.1167,11315960.35,1363935.49,0.1205,multiply,ETH
2017-12-10,0.1143,0.1004,0.1202,10369049.64,1131949.22,0.1092,multiply,ETH
2017-12-11,0.1344,0.1181,0.1092,12252130.56,1446446.1,0.1181,multiply,ETH
2017-12-12,0.1552,0.1149,0.1181,18257432.8,2453609.89,0.1344,multiply,ETH
2017-12-13,0.1538,0.1258,0.1408,15959991.74,2119919.42,0.1328,multiply,ETH
2017-12-14,0.2509,0.1235,0.1328,63306647.29,15609373.78,0.2466,multiply,ETH
2017-12-15,0.2437,0.1914,0.2455,59402486.49,12734811.44,0.2144,multiply,ETH
2017-12-16,0.4717,0.2015,0.2154,87163032.12,34723769.04,0.3984,multiply,ETH
2017-12-17,0.5991,0.3811,0.4006,79897996.97,38787205.23,0.4855,multiply,ETH
2017-12-18,0.561,0.4692,0.4855,32468078.14,17080258.06,0.5261,multiply,ETH
2017-12-19,0.6367,0.4981,0.5281,37312035.37,19705418.68,0.5281,multiply,ETH
2017-12-20,0.5261,0.4219,0.528,30311244.29,14943685.11,0.493,multiply,ETH
2017-12-21,0.5128,0.4525,0.4891,31988299.08,15175997.29,0.4744,multiply,ETH
2017-12-22,0.4245,0.3555,0.4756,39147284.48,16146665.86,0.4125,multiply,ETH
2017-12-23,0.4402,0.4078,0.4099,24129928.2,9987135.89,0.4139,multiply,ETH
2017-12-24,0.4011,0.3808,0.4139,15213389.38,5823196.09,0.3828,multiply,ETH
2017-12-25,0.435,0.3536,0.3829,22658724.51,9321671.15,0.4114,multiply,ETH
2017-12-26,0.4344,0.3917,0.4118,15430409.83,6576415.67,0.4262,multiply,ETH
2017-12-27,0.4235,0.4011,0.4262,18895331.27,7783451.74,0.4119,multiply,ETH
2017-12-28,0.4155,0.3806,0.4119,21112975.44,8600720.94,0.4074,multiply,ETH
2017-12-29,0.575,0.4133,0.4074,54404770.63,28741837.94,0.5283,multiply,ETH
2017-12-30,0.6941,0.42,0.4955,24118261.7,14016860.69,0.59,direct,
2017-12-31,0.74,0.59,0.59,13107255.34,8971147.7,0.71,direct,
2018-01-01,0.715,0.632,0.71,13805601.7,9403559.91,0.7022,direct,
2018-01-02,0.8,0.675,0.7022,8440669.4,6292466.84,0.762,direct,
2018-01-03,1.1,0.7601,0.762,15615106.55,15269923.65,1.1,direct,
2018-01-04,1.38,1.04,1.11,12154860.5,14721109.54,1.13,direct,
2018-01-05,1.3,0.9,1.15,13828338.74,14616848.19,1.01,direct,
2018-01-06,1.08,0.908,1.01,7011296.21,7036404.33,1.04,direct,
2018-01-07,1.05,0.979,1.03,3692813.75,3741344.23,1.01,direct,
2018-01-08,1.02,0.7359,1.01,7518428.06,6765036.61,0.9,direct,
2018-01-09,0.954,0.772,0.9,5489581.92,4729859.2,0.81,direct,
2018-01-10,0.8293,0.6559,0.81,9093897.84,6665172.35,0.7765,direct,
2018-01-11,0.783,0.51,0.78,13309307.09,8794376.36,0.68,direct,
2018-01-12,0.93,0.631,0.679,10128654.96,7945692.59,0.895,direct,
2018-01-13,0.959,0.8329,0.8983,7148300.9,6400745.85,0.879,direct,
2018-01-14,0.89,0.72,0.879,6918665.69,5461450.35,0.8,direct,
2018-01-15,0.8666,0.75,0.8,4816974.43,3956914.17,0.77,direct,
2018-01-16,0.7952,0.45,0.7724,23996657.62,14442780.73,0.61,direct,
2018-01-17,0.6839,0.434,0.6,28249171.3,15237720.28,0.6242,direct,
2018-01-18,0.6996,0.6,0.625,3289452.71,2108397.87,0.65,direct,
2018-01-19,0.6964,0.589,0.65,9110742.77,5750844.38,0.6441,direct,
2018-01-20,0.7263,0.64,0.6479,5550844.63,3820240.01,0.7048,direct,
2018-01-21,0.7049,0.5765,0.7049,7987304.26,4988683.38,0.61,direct,
2018-01-22,0.64,0.51,0.6165,8299339.54,4726783.99,0.5675,direct,
2018-01-23,0.59,0.5166,0.5699,6748419.5,3765169.01,0.5601,direct,
2018-01-24,0.65,0.537,0.5619,6756615.18,4050649.27,0.628,direct,
2018-01-25,0.685,0.6185,0.63,5962422.19,3864120.17,0.642,direct,
2018-01-26,0.655,0.561,0.642,13959569.11,8406839.7,0.6268,direct,
2018-01-27,0.642,0.595,0.6268,4259906.16,2640804.41,0.6213,direct,
2018-01-28,0.67,0.6131,0.6213,4980462.93,3194670.44,0.6423,direct,
2018-01-29,0.6465,0.583,0.6423,4453359.49,2712202.98,0.591,direct,
2018-01-30,0.603,0.5,0.591,8570161.8,4609867.44,0.51,direct,
2018-01-31,0.517,0.463,0.5136,6258778.63,3069907.43,0.5072,direct,
2018-02-01,0.5218,0.387,0.5072,10326614.2,4524656.19,0.4217,direct,
2018-02-02,0.4217,0.2958,0.4217,31941163.56,11368745.26,0.4047,direct,
2018-02-03,0.5185,0.3453,0.4,16186834.07,6971494.08,0.464,direct,
2018-02-04,0.488,0.364,0.464,38298282.28,17107431.63,0.382,direct,
2018-02-05,0.3962,0.2915,0.382,28363246.66,9493848.67,0.317,direct,
2018-02-06,0.3732,0.2612,0.317,41362427.8,12659288.18,0.359,direct,
2018-02-07,0.38,0.318,0.359,23234131.21,8234163.49,0.331,direct,
2018-02-08,0.361,0.318,0.331,14190857.92,4887107.79,0.3449,direct,
2018-02-09,0.386,0.32,0.345,12999338.3,4655595.05,0.379,direct,
2018-02-10,0.4386,0.358,0.379,29183935.95,11886451.73,0.381,direct,
2018-02-11,0.381,0.34,0.381,12282926.66,4366709.77,0.3488,direct,
2018-02-12,0.383,0.3488,0.3488,6933557.81,2552983.28,0.371,direct,
2018-02-13,0.374,0.342,0.3713,5046147.91,1790268.54,0.3578,direct,
2018-02-14,0.3951,0.35,0.3578,12984103.65,4851562.03,0.393,direct,
2018-02-15,0.4044,0.37,0.393,9835169.17,3806042.96,0.39,direct,
2018-02-16,0.395,0.3704,0.389,6738931.47,2584705.73,0.39,direct,
2018-02-17,0.4186,0.3854,0.39,10125806.34,4047992.17,0.41,direct,
2018-02-18,0.4102,0.36,0.41,11668452.53,4440011.76,0.36,direct,
2018-02-19,0.3865,0.36,0.36,5595604.76,2106787.71,0.375,direct,
2018-02-20,0.3872,0.3437,0.3758,7807993.5,2886435.13,0.346,direct,
2018-02-21,0.355,0.325,0.345,7625415.34,2574378.55,0.3328,direct,
2018-02-22,0.3476,0.304,0.3328,5966532.67,1913250.36,0.31,direct,
2018-02-23,0.3367,0.2996,0.31,5516345.62,1737682.32,0.3239,direct,
2018-02-24,0.3296,0.289,0.3239,5005016.36,1529634.28,0.2968,direct,
2018-02-25,0.3369,0.2948,0.3,6131151.26,1928435.38,0.3232,direct,
2018-02-26,0.3317,0.3028,0.3232,5912613.05,1894921.27,0.3234,direct,
2018-02-27,0.3349,0.3176,0.3234,3720435.86,1216716.93,0.328,direct,
2018-02-28,0.3322,0.301,0.328,4292622.5,1358702.77,0.3038,direct,
2018-03-01,0.3102,0.2824,0.3026,8089845.61,2403187.45,0.3,direct,
2018-03-02,0.3033,0.2842,0.3,5322421.67,1543670.78,0.2891,direct,
2018-03-03,0.3056,0.2882,0.2891,4235974.98,1249523.14,0.2924,direct,
2018-03-04,0.303,0.283,0.2924,4204477.89,1216450.08,0.3,direct,
2018-03-05,0.3192,0.2888,0.3,5574654.41,1680221.76,0.295,direct,
2018-03-06,0.299,0.2764,0.2934,6658873.49,1894339.24,0.277,direct,
2018-03-07,0.2829,0.225,0.277,9247705.06,2324290.92,0.2401,direct,
2018-03-08,0.2478,0.211,0.2401,8472256.31,1899731.93,0.2125,direct,
2018-03-09,0.218,0.183,0.2125,11892221.8,2351613.66,0.2157,direct,
2018-03-10,0.2222,0.1959,0.2157,9662993.08,2041925.48,0.2003,direct,
2018-03-11,0.2228,0.1896,0.2003,8052809.29,1654913.0,0.219,direct,
2018-03-12,0.2325,0.2088,0.2189,10709900.16,2344672.77,0.218,direct,
2018-03-13,0.225,0.21,0.218,4362665.73,948464.42,0.2174,direct,
2018-03-14,0.2295,0.1863,0.2174,9914103.5,2039418.87,0.1933,direct,
2018-03-15,0.197,0.1672,0.1933,14260485.68,2538075.8,0.1837,direct,
2018-03-16,0.1837,0.171,0.1837,12231398.97,2151653.19,0.1741,direct,
2018-03-17,0.1774,0.15,0.1741,8897081.48,1423569.1,0.15,direct,
2018-03-18,0.165,0.1233,0.152,38867727.16,5398142.99,0.155,direct,
2018-03-19,0.19,0.153,0.1535,40690086.29,6906206.64,0.19,direct,
2018-03-20,0.2114,0.1747,0.1905,22625535.99,4338367.4,0.1989,direct,
2018-03-21,0.224,0.1969,0.1989,21492092.26,4530665.75,0.2075,direct,
2018-03-22,0.2169,0.1852,0.2076,25917003.75,5063495.81,0.1991,direct,
2018-03-23,0.1985,0.1797,0.1985,15075299.09,2807868.89,0.1883,direct,
2018-03-24,0.202,0.181,0.1885,20030499.57,3789451.05,0.1856,direct,
2018-03-25,0.1888,0.18,0.1856,6730880.18,1246302.57,0.1836,direct,
2018-03-26,0.1841,0.1559,0.1836,17543627.32,2910211.57,0.1652,direct,
2018-03-27,0.1669,0.1473,0.1652,12497951.96,1941446.29,0.1521,direct,
2018-03-28,0.1622,0.1519,0.1521,7671563.95,1212852.29,0.1583,direct,
2018-03-29,0.1599,0.1403,0.1583,18739188.83,2764011.78,0.1427,direct,
2018-03-30,0.15,0.1321,0.1427,15097631.14,2098386.78,0.1439,direct,
2018-03-31,0.1583,0.1393,0.1439,10278387.35,1542939.84,0.1504,direct,
2018-04-01,0.1571,0.1379,0.1504,10876735.62,1587130.61,0.1482,direct,
2018-04-02,0.1562,0.1459,0.1482,7278351.04,1095738.14,0.1528,direct,
2018-04-03,0.1711,0.1519,0.1527,20767245.7,3359534.56,0.1698,direct,
2018-04-04,0.1766,0.1484,0.1706,31379772.05,5069040.4,0.152,direct,
2018-04-05,0.1557,0.14,0.1516,13409313.42,1963410.59,0.1459,direct,
2018-04-06,0.1489,0.14,0.1471,10749188.26,1522845.8,0.1418,direct,
2018-04-07,0.1508,0.1411,0.1418,15598624.46,2274792.87,0.1458,direct,
2018-04-08,0.1587,0.1458,0.1458,7086721.83,1083919.13,0.1566,direct,
2018-04-09,0.1658,0.1445,0.1566,26665645.32,4117378.53,0.15,direct,
2018-04-10,0.1578,0.1462,0.15,6429257.27,977217.32,0.1556,direct,
2018-04-11,0.1686,0.1524,0.1556,18243129.02,2917790.79,0.1667,direct,
2018-04-12,0.221,0.1634,0.1667,49153430.71,9427755.06,0.2166,direct,
2018-04-13,0.2243,0.1954,0.2165,33589461.27,7101712.41,0.2002,direct,
2018-04-14,0.2142,0.1962,0.2002,13454956.94,2746195.39,0.2046,direct,
2018-04-15,0.2349,0.204,0.2046,16744081.36,3689618.55,0.2272,direct,
2018-04-16,0.2591,0.2114,0.2272,41632903.32,9917913.89,0.2577,direct,
2018-04-17,0.2752,0.2419,0.2577,41499389.51,10645985.15,0.2419,direct,
2018-04-18,0.2647,0.2416,0.2419,9365118.18,2369562.99,0.2631,direct,
2018-04-19,0.2755,0.2594,0.2631,15212079.5,4093137.0,0.2718,direct,
2018-04-20,0.3102,0.2668,0.2692,22547720.81,6426070.42,0.3019,direct,
2018-04-21,0.3075,0.2681,0.302,20904198.96,5947149.81,0.2852,direct,
2018-04-22,0.2965,0.2754,0.2852,11811077.87,3401432.21,0.2801,direct,
2018-04-23,0.2896,0.28,0.2828,6064300.73,1732842.17,0.2892,direct,
2018-04-24,0.3202,0.2833,0.2891,19090217.15,5824894.93,0.3081,direct,
2018-04-25,0.3112,0.2601,0.3104,26528484.52,7422755.6,0.2708,direct,
2018-04-26,0.2939,0.2562,0.2708,12519089.64,3446762.46,0.2933,direct,
2018-04-27,0.306,0.2841,0.2933,14186149.97,4172989.64,0.2851,direct,
2018-04-28,0.3645,0.281,0.2851,27018577.14,8962774.04,0.3568,direct,
2018-04-29,0.3884,0.3414,0.3559,22788060.19,8366233.06,0.3622,direct,
2018-04-30,0.365,0.3307,0.3622,16000598.14,5561625.15,0.3382,direct,
2018-05-01,0.3605,0.3183,0.3383,15185545.76,5214682.32,0.3571,direct,
2018-05-02,0.3763,0.3466,0.3556,7321806.97,2663078.43,0.3705,direct,
2018-05-03,0.3882,0.365,0.3705,8600258.04,3215050.28,0.3672,direct,
2018-05-04,0.3687,0.3462,0.3672,9388065.65,3384128.91,0.3572,direct,
2018-05-05,0.375,0.3572,0.3572,5000840.39,1835429.28,0.3638,direct,
2018-05-06,0.367,0.336,0.3638,10362165.18,3575432.19,0.3451,direct,
2018-05-07,0.3494,0.3142,0.3486,8831617.37,2893725.9,0.3326,direct,
2018-05-08,0.3449,0.3161,0.3326,6024921.02,1987029.06,0.3226,direct,
2018-05-09,0.3249,0.2967,0.3226,8522548.61,2640164.55,0.319,direct,
2018-05-10,0.3235,0.2903,0.319,7088654.99,2190992.43,0.2923,direct,
2018-05-11,0.2939,0.2479,0.2923,24188507.7,6436946.28,0.257,direct,
2018-05-12,0.279,0.2331,0.257,16129023.81,4174992.51,0.2622,direct,
2018-05-13,0.2845,0.257,0.2622,7166005.17,1955815.75,0.2764,direct,
2018-05-14,0.278,0.2505,0.2773,12284549.8,3238880.28,0.2673,direct,
2018-05-15,0.2757,0.2513,0.2673,4377398.52,1154681.27,0.2557,direct,
2018-05-16,0.2553,0.2384,0.2536,6463351.18,1583201.58,0.253,direct,
2018-05-17,0.2612,0.238,0.253,6411368.27,1611671.99,0.24,direct,
2018-05-18,0.2525,0.2302,0.24,5181705.24,1240414.32,0.2443,direct,
2018-05-19,0.2479,0.2353,0.2443,2581216.49,623658.6,0.2411,direct,
2018-05-20,0.2601,0.2384,0.2411,4719209.99,1180651.01,0.2555,direct,
2018-05-21,0.26,0.2431,0.2555,3861976.41,968287.32,0.246,direct,
2018-05-22,0.2473,0.219,0.246,7212825.97,1688622.45,0.2219,direct,
2018-05-23,0.2227,0.1928,0.221,14993850.37,3092881.46,0.2,direct,
2018-05-24,0.2111,0.1881,0.2,13375057.25,2692849.08,0.2061,direct,
2018-05-25,0.2095,0.1911,0.2083,5656163.29,1130683.7,0.1986,direct,
2018-05-26,0.2047,0.1924,0.1988,5823859.62,1161022.18,0.1954,direct,
2018-05-27,0.1956,0.1835,0.1954,5016612.07,959500.2,0.1936,direct,
2018-05-28,0.195,0.1711,0.1936,7475753.19,1354353.75,0.1735,direct,
2018-05-29,0.2147,0.1709,0.1718,13239913.52,2594004.46,0.2024,direct,
2018-05-30,0.2168,0.1963,0.2016,10980914.82,2247960.29,0.2109,direct,
2018-05-31,0.2282,0.2034,0.2109,10319021.19,2278018.77,0.2229,direct,
2018-06-01,0.2277,0.2142,0.2229,5883460.91,1292241.48,0.2203,direct,
2018-06-02,0.2294,0.2168,0.2203,5294120.49,1188119.57,0.2262,direct,
2018-06-03,0.2363,0.2206,0.2262,6268488.06,1443692.6,0.226,direct,
2018-06-04,0.2314,0.2049,0.226,7558153.33,1635230.17,0.2112,direct,
2018-06-05,0.2217,0.2024,0.2112,9618782.32,2026229.27,0.2181,direct,
2018-06-06,0.2199,0.2072,0.2181,7299727.22,1560990.06,0.2149,direct,
2018-06-07,0.219,0.2049,0.2149,6075182.87,1284469.46,0.2101,direct,
2018-06-08,0.2111,0.2002,0.2101,5040967.2,1028562.41,0.205,direct,
2018-06-09,0.2097,0.2002,0.205,1880273.62,385347.36,0.2005,direct,
2018-06-10,0.2005,0.1685,0.2005,14815437.34,2714543.69,0.1745,direct,
2018-06-11,0.1808,0.1648,0.1743,9266018.56,1589223.93,0.1795,direct,
2018-06-12,0.181,0.159,0.1786,9841996.5,1658740.83,0.1646,direct,
2018-06-13,0.1655,0.146,0.1646,11053659.71,1711454.33,0.1592,direct,
2018-06-14,0.1748,0.1499,0.1569,15342692.09,2554696.61,0.17,direct,
2018-06-15,0.171,0.1595,0.17,5255323.27,868891.71,0.1607,direct,
2018-06-16,0.1647,0.1578,0.1607,3378740.84,544381.03,0.162,direct,
2018-06-17,0.1644,0.16,0.162,1743918.54,283019.01,0.1601,direct,
2018-06-18,0.1685,0.1557,0.1601,5627014.87,910209.3,0.1643,direct,
2018-06-19,0.1709,0.1612,0.1643,6307021.89,1040703.28,0.1658,direct,
2018-06-20,0.1669,0.1567,0.1669,7666561.37,1219764.79,0.1621,direct,
2018-06-21,0.1635,0.157,0.1615,3504037.07,559349.71,0.1588,direct,
2018-06-22,0.1592,0.1347,0.1588,11646877.96,1668020.71,0.1384,direct,
2018-06-23,0.142,0.1334,0.1384,4627533.38,636554.94,0.1373,direct,
2018-06-24,0.138,0.1196,0.1378,10976006.38,1396590.14,0.1305,direct,
2018-06-25,0.1387,0.1265,0.1305,6965234.04,932408.71,0.1355,direct,
2018-06-26,0.1356,0.125,0.1355,3682267.59,478322.38,0.125,direct,
2018-06-27,0.1279,0.123,0.125,3487820.9,439238.29,0.1271,direct,
2018-06-28,0.1287,0.117,0.1271,3964521.4,489681.91,0.1185,direct,
2018-06-29,0.1268,0.1132,0.1186,7935997.28,946429.13,0.1247,direct,
2018-06-30,0.1437,0.1247,0.1247,12655341.69,1699030.55,0.1385,direct,
2018-07-01,0.1459,0.1331,0.1385,6637274.5,926590.67,0.1425,direct,
2018-07-02,0.1596,0.1376,0.1425,15693795.43,2372276.76,0.1535,direct,
2018-07-03,0.161,0.1475,0.1535,10553067.83,1635259.05,0.1498,direct,
2018-07-04,0.1595,0.1456,0.1498,8262561.38,1261253.59,0.1511,direct,
2018-07-05,0.1558,0.143,0.1511,9243047.71,1369781.8,0.148,direct,
2018-07-06,0.1475,0.1386,0.1475,7854304.52,1125120.37,0.1446,direct,
2018-07-07,0.1485,0.1375,0.1446,4558570.79,644762.59,0.1485,direct,
2018-07-08,0.1495,0.1432,0.1485,4445941.92,652408.36,0.1451,direct,
2018-07-09,0.1463,0.1392,0.1451,3878502.55,554619.56,0.1392,direct,
2018-07-10,0.1406,0.1268,0.1392,12094020.64,1604756.02,0.128,direct,
2018-07-11,0.134,0.1249,0.128,5095356.0,657459.15,0.1308,direct,
2018-07-12,0.131,0.1241,0.1308,1279759.82,161469.42,0.1258,direct,
2018-07-13,0.1436,0.1259,0.1269,25194205.61,3461495.95,0.1374,multiply,ETH
2018-07-14,0.1392,0.1341,0.1374,17389086.49,2375837.85,0.1366,multiply,ETH
2018-07-15,0.1455,0.1401,0.1369,11818796.21,1685058.98,0.1426,multiply,ETH
2018-07-16,0.1585,0.1509,0.1426,15420832.32,2416365.39,0.1567,multiply,ETH
2018-07-17,0.1747,0.1592,0.1566,24116116.22,4138970.26,0.1716,multiply,ETH
2018-07-18,0.1887,0.1644,0.1716,52347780.52,9435961.01,0.1803,multiply,ETH
2018-07-19,0.1869,0.1662,0.1803,44042028.77,8006371.12,0.1818,multiply,ETH
2018-07-20,0.1764,0.1607,0.1818,34805920.68,5605277.45,0.161,multiply,ETH
2018-07-21,0.1671,0.1598,0.161,17490016.08,2861770.58,0.1636,multiply,ETH
2018-07-22,0.1748,0.1618,0.1636,15733945.93,2664236.93,0.1693,multiply,ETH
2018-07-23,0.1727,0.1639,0.1695,22695820.43,3724723.44,0.1641,multiply,ETH
2018-07-24,0.1792,0.1699,0.1641,21931911.38,3803526.36,0.1734,multiply,ETH
2018-07-25,0.1741,0.1679,0.1734,32787916.76,5653992.7,0.1724,multiply,ETH
2018-07-26,0.1695,0.162,0.1725,12312152.38,2021722.67,0.1642,multiply,ETH
2018-07-27,0.1686,0.1596,0.164,13450895.42,2228902.58,0.1657,multiply,ETH
2018-07-28,0.1659,0.1615,0.1657,10179333.8,1670765.26,0.1641,multiply,ETH
2018-07-29,0.1637,0.1607,0.164,8189173.61,1331264.33,0.1626,multiply,ETH
2018-07-30,0.1597,0.1508,0.1625,13698757.05,2100820.89,0.1534,multiply,ETH
2018-07-31,0.1458,0.1371,0.1533,22440474.52,3183529.5,0.1419,multiply,ETH
2018-08-01,0.1421,0.1348,0.1417,13787147.19,1927094.68,0.1398,multiply,ETH
2018-08-02,0.1372,0.1289,0.1398,14576414.08,1907913.22,0.1309,multiply,ETH
2018-08-03,0.1345,0.1288,0.1307,19959079.53,2591448.13,0.1298,multiply,ETH
2018-08-04,0.13,0.1243,0.1298,13197457.09,1663680.92,0.1261,multiply,ETH
2018-08-05,0.1314,0.1264,0.1261,12514832.96,1633599.1,0.1305,multiply,ETH
2018-08-06,0.1332,0.1269,0.1306,12509085.63,1618951.13,0.1294,multiply,ETH
2018-08-07,0.1256,0.118,0.1294,21908521.79,2705110.87,0.1235,multiply,ETH
2018-08-08,0.1167,0.1099,0.1235,22999876.64,2594900.39,0.1128,multiply,ETH
2018-08-09,0.1252,0.105,0.1129,25512783.64,3112405.4,0.122,multiply,ETH
2018-08-10,0.1157,0.1075,0.1221,23301757.66,2667844.36,0.1145,multiply,ETH
2018-08-11,0.1147,0.1087,0.1146,24439757.56,2688365.0,0.11,multiply,ETH
2018-08-12,0.112,0.1095,0.1101,11062966.12,1235954.8,0.1117,multiply,ETH
2018-08-13,0.1044,0.09904,0.1117,15359133.21,1555651.31,0.1013,multiply,ETH
2018-08-14,0.09925,0.09198,0.1013,29480283.11,2757585.42,0.09354,multiply,ETH
2018-08-15,0.09782,0.09194,0.09351,22838634.12,2141474.03,0.09377,multiply,ETH
2018-08-16,0.09665,0.09287,0.09377,14032326.36,1328477.94,0.09467,multiply,ETH
2018-08-17,0.1112,0.1036,0.09467,21784583.93,2391597.65,0.1098,multiply,ETH
2018-08-18,0.1035,0.09633,0.1099,18702068.26,1847292.12,0.09877,multiply,ETH
2018-08-19,0.1023,0.0992,0.09877,8980461.75,914308.68,0.1018,multiply,ETH
2018-08-20,0.09416,0.0904,0.1018,13027397.18,1195622.06,0.09178,multiply,ETH
2018-08-21,0.09595,0.09274,0.09176,15439251.52,1464029.33,0.09483,multiply,ETH
2018-08-22,0.1258,0.09,0.1258,47403.27,4523.43,0.094,direct,
2018-08-23,0.094,0.0851,0.094,27193.92,2485.87,0.09252,direct,
2018-08-24,0.0945,0.087,0.09252,35769.99,3295.62,0.094,direct,
2018-08-25,0.09949,0.091,0.094,30453.7,2909.97,0.0928,direct,
2018-08-26,0.09949,0.0928,0.0928,26132.62,2497.46,0.09508,direct,
2018-08-27,0.1025,0.09738,0.09323,20025329.26,2018116.6,0.1008,multiply,ETH
2018-08-28,0.1095,0.09709,0.09709,77451.08,8041.9,0.1054,direct,
2018-08-29,0.109,0.1013,0.1055,100082.1,10581.47,0.106,direct,
2018-08-30,0.109,0.098,0.106,75081.47,7596.1,0.101,direct,
2018-08-31,0.1042,0.09845,0.101,34441.31,3514.4,0.1039,direct,
2018-09-01,0.112,0.1015,0.1039,122589.51,13236.98,0.1098,direct,
2018-09-02,0.1098,0.1034,0.1098,104220.86,11131.56,0.106,direct,
2018-09-03,0.107,0.1036,0.106,69197.6,7292.67,0.1048,direct,
2018-09-04,0.1089,0.104,0.1048,82991.43,8834.94,0.108,direct,
2018-09-05,0.108,0.0875,0.108,135797.53,13284.12,0.0875,direct,
2018-09-06,0.09,0.084,0.0875,106212.72,9195.48,0.088,direct,
2018-09-07,0.097,0.085,0.088,56325.76,4924.12,0.0854,direct,
2018-09-08,0.08825,0.0792,0.0854,116443.5,9651.72,0.0795,direct,
2018-09-09,0.0846,0.07718,0.0795,49432.34,3952.37,0.08035,direct,
2018-09-10,0.0825,0.07421,0.08035,78699.46,6042.93,0.075,direct,
2018-09-11,0.0795,0.06833,0.075,41634.39,3027.92,0.06952,direct,
2018-09-12,0.0725,0.0611,0.06952,145338.49,9619.8,0.06588,direct,
2018-09-13,0.075,0.063,0.066,124646.25,8693.2,0.07128,direct,
2018-09-14,0.072,0.065,0.07128,96248.13,6618.44,0.06964,direct,
2018-09-15,0.0718,0.06718,0.06964,30318.22,2136.65,0.06986,direct,
2018-09-16,0.0744,0.06881,0.06986,182864.35,13124.91,0.06985,direct,
2018-09-17,0.07234,0.0644,0.06985,51902.96,3556.35,0.066,direct,
2018-09-18,0.0768,0.0644,0.066,106555.99,7396.44,0.0714,direct,
2018-09-19,0.075,0.0686,0.0714,114593.97,8294.58,0.07279,direct,
2018-09-20,0.083,0.07106,0.07128,121547.58,9097.47,0.08002,direct,
2018-09-21,0.08825,0.07301,0.08002,255243.01,21475.19,0.0879,direct,
2018-09-22,0.088,0.08002,0.0879,56602.04,4719.69,0.083,direct,
2018-09-23,0.0949,0.083,0.083,217165.51,19695.26,0.08907,direct,
2018-09-24,0.0935,0.0829,0.08907,139724.96,12048.38,0.083,direct,
2018-09-25,0.0847,0.075,0.083,135041.26,10673.54,0.081,direct,
2018-09-26,0.0849,0.0741,0.081,126640.2,10250.48,0.08,direct,
2018-09-27,0.09,0.07853,0.08,276832.69,23631.64,0.08749,direct,
2018-09-28,0.09,0.083,0.08749,137656.44,11859.63,0.084,direct,
2018-09-29,0.089,0.0791,0.084,181560.54,15474.95,0.08528,direct,
2018-09-30,0.088,0.08101,0.0861,242822.53,20815.42,0.0846,direct,
2018-10-01,0.09,0.08308,0.0846,320430.88,27737.54,0.086,direct,
2018-10-02,0.0881,0.0823,0.086,172048.33,14525.66,0.0843,direct,
2018-10-03,0.08487,0.07894,0.08487,523472.63,42379.67,0.08139,direct,
2018-10-04,0.08547,0.08093,0.08139,1049886.05,86113.67,0.08176,direct,
2018-10-05,0.08418,0.0801,0.08176,1510346.88,124123.99,0.08357,direct,
2018-10-06,0.08484,0.08072,0.08357,1198534.78,97980.82,0.08129,direct,
2018-10-07,0.08659,0.08025,0.08129,1629074.45,134690.11,0.08468,direct,
2018-10-08,0.0887,0.08121,0.08468,2689317.69,231127.29,0.08677,direct,
2018-10-09,0.08774,0.08423,0.08677,1696718.1,146195.56,0.08629,direct,
2018-10-10,0.08733,0.08294,0.08629,1804487.31,152341.77,0.08554,direct,
2018-10-11,0.08554,0.06921,0.08554,6593913.44,496668.12,0.07001,direct,
2018-10-12,0.07853,0.06883,0.07001,2415824.47,178002.52,0.07281,direct,
2018-10-13,0.07744,0.07143,0.07281,1413298.42,103325.38,0.07514,direct,
2018-10-14,0.07683,0.06778,0.07514,1636603.92,117261.13,0.07037,direct,
2018-10-15,0.07685,0.0688,0.07037,7077927.74,512861.97,0.07345,direct,
2018-10-16,0.08144,0.07265,0.07345,2213693.27,165252.58,0.07499,direct,
2018-10-17,0.07963,0.07431,0.07499,2753748.04,209991.71,0.07667,direct,
2018-10-18,0.07951,0.07279,0.07667,2130825.52,160070.75,0.07449,direct,
2018-10-19,0.07764,0.07304,0.07449,1355603.64,100907.87,0.07543,direct,
2018-10-20,0.07918,0.07428,0.07543,2136870.47,162160.06,0.07693,direct,
2018-10-21,0.07921,0.07553,0.07693,902338.32,68955.83,0.07588,direct,
2018-10-22,0.07847,0.07417,0.07588,923724.06,69382.16,0.07591,direct,
2018-10-23,0.0776,0.0705,0.07579,2026515.11,148949.85,0.07412,direct,
2018-10-24,0.07686,0.07354,0.07412,1473582.61,109567.56,0.07377,direct,
2018-10-25,0.07621,0.07296,0.07377,1309021.54,96200.49,0.07382,direct,
2018-10-26,0.07596,0.07205,0.07382,1146253.83,84186.01,0.07399,direct,
2018-10-27,0.07596,0.07287,0.07399,702484.7,51545.75,0.07444,direct,
2018-10-28,0.07559,0.07249,0.07444,572957.29,41819.26,0.07335,direct,
2018-10-29,0.07475,0.06847,0.07335,3904025.71,274167.49,0.06984,direct,
2018-10-30,0.07675,0.06883,0.06984,1796801.53,127104.39,0.06986,direct,
2018-10-31,0.07194,0.06783,0.06986,1685158.91,116289.98,0.06998,direct,
2018-11-01,0.07216,0.0693,0.06998,788949.09,55502.78,0.07172,direct,
2018-11-02,0.0739,0.07055,0.07172,1686082.55,120672.24,0.07307,direct,
2018-11-03,0.07396,0.07044,0.07307,1419393.49,100979.01,0.07273,direct,
2018-11-04,0.07793,0.07117,0.07273,6430315.64,487929.39,0.07775,direct,
2018-11-05,0.07866,0.07466,0.07775,2518165.76,192122.84,0.07634,direct,
2018-11-06,0.08108,0.07634,0.07634,4298145.77,338248.21,0.08078,direct,
2018-11-07,0.08163,0.07719,0.08078,3632011.49,287187.13,0.07862,direct,
2018-11-08,0.07923,0.07608,0.07862,3840106.3,295978.4,0.07627,direct,
2018-11-09,0.07842,0.07329,0.07627,2600452.64,195807.62,0.07414,direct,
2018-11-10,0.07841,0.07347,0.07414,1538389.69,116160.29,0.07506,direct,
2018-11-11,0.07812,0.07417,0.07506,3654677.5,276428.38,0.07643,direct,
2018-11-12,0.07816,0.07415,0.07643,1260845.27,95919.42,0.07611,direct,
2018-11-13,0.07791,0.07256,0.07611,3507910.56,261332.66,0.07351,direct,
2018-11-14,0.07657,0.05895,0.07351,13347328.14,881031.11,0.06327,direct,
2018-11-15,0.06623,0.05592,0.06327,7373904.51,444557.82,0.06278,direct,
2018-11-16,0.06589,0.05921,0.06278,2526539.61,155187.6,0.06069,direct,
2018-11-17,0.06322,0.0587,0.06069,2274274.67,136301.1,0.0628,direct,
2018-11-18,0.06519,0.06024,0.0628,2443608.19,149771.87,0.06318,direct,
2018-11-19,0.06948,0.05156,0.06318,9635966.28,543026.23,0.05526,direct,
2018-11-20,0.06014,0.04206,0.05526,13373841.4,638243.62,0.0445,direct,
2018-11-21,0.04948,0.04331,0.04481,5516436.87,252386.12,0.04784,direct,
2018-11-22,0.05083,0.04419,0.04784,3500876.28,160880.13,0.04419,direct,
2018-11-23,0.04594,0.04102,0.04419,4136619.99,175179.6,0.04342,direct,
2018-11-24,0.04559,0.03345,0.04342,7884025.11,314472.41,0.03784,direct,
2018-11-25,0.03831,0.02801,0.03594,14159469.37,492144.98,0.03732,direct,
2018-11-26,0.03896,0.03225,0.03732,13412597.01,467808.27,0.03498,direct,
2018-11-27,0.03667,0.0312,0.03498,5700247.24,197429.48,0.03619,direct,
2018-11-28,0.04787,0.03619,0.03619,13998386.11,573006.41,0.04181,direct,
2018-11-29,0.04495,0.03929,0.04181,8847366.07,367421.29,0.04143,direct,
2018-11-30,0.04286,0.03712,0.04143,4575227.81,176985.38,0.03888,direct,
2018-12-01,0.04464,0.03782,0.03888,6845102.03,281376.99,0.04102,direct,
2018-12-02,0.04404,0.03991,0.04102,3512732.68,146190.22,0.04102,direct,
2018-12-03,0.04198,0.03741,0.04102,4290302.68,168797.1,0.03815,direct,
2018-12-04,0.04354,0.03564,0.03815,9581603.85,367128.09,0.03717,direct,
2018-12-05,0.03856,0.03353,0.03717,8345217.97,294381.26,0.0339,direct,
2018-12-06,0.03744,0.03041,0.0339,8087181.15,271580.19,0.03049,direct,
2018-12-07,0.03399,0.02609,0.03049,19171893.91,561377.87,0.02941,direct,
2018-12-08,0.03165,0.0285,0.02941,5404928.58,165154.84,0.03054,direct,
2018-12-09,0.03333,0.02966,0.03054,2392116.36,74319.3,0.03158,direct,
2018-12-10,0.03207,0.02902,0.03158,5158363.73,154271.85,0.02983,direct,
2018-12-11,0.03091,0.02841,0.02983,4532940.82,132078.49,0.02913,direct,
2018-12-12,0.03179,0.02852,0.02913,2747179.26,83308.4,0.03043,direct,
2018-12-13,0.03185,0.02841,0.03043,4612703.65,135841.57,0.02886,direct,
2018-12-14,0.0303,0.02733,0.02886,5132292.29,145760.44,0.02916,direct,
2018-12-15,0.02944,0.02742,0.02916,3636322.38,101541.47,0.02781,direct,
2018-12-16,0.03074,0.02761,0.02781,4600420.6,132700.13,0.02889,direct,
2018-12-17,0.03448,0.02846,0.02889,11723445.44,373130.75,0.03267,direct,
2018-12-18,0.03519,0.03135,0.03267,8153977.02,268580.01,0.03462,direct,
2018-12-19,0.03894,0.03395,0.03462,13776255.99,494059.43,0.03399,direct,
2018-12-20,0.03996,0.03377,0.03399,11512369.99,425854.4,0.03815,direct,
2018-12-21,0.04494,0.03806,0.03815,16352722.19,681193.0,0.04033,direct,
2018-12-22,0.04215,0.03813,0.04033,5010252.77,201945.06,0.04198,direct,
2018-12-23,0.0448,0.04146,0.04198,8781084.56,377977.0,0.04446,direct,
2018-12-24,0.04957,0.04439,0.04446,11011998.67,514355.25,0.04529,direct,
2018-12-25,0.04558,0.03873,0.04529,8152667.83,333739.5,0.04138,direct,
2018-12-26,0.04411,0.03864,0.04138,4964611.0,202972.96,0.04091,direct,
2018-12-27,0.04174,0.03575,0.04091,9010218.78,337237.2,0.03661,direct,
2018-12-28,0.04301,0.03603,0.03661,6591459.5,264671.27,0.0415,direct,
2018-12-29,0.04462,0.04021,0.0415,10743401.09,454702.35,0.04077,direct,
2018-12-30,0.04423,0.03962,0.04077,4496607.84,186938.94,0.04325,direct,
2018-12-31,0.04452,0.03956,0.04325,5701417.66,233711.75,0.04082,direct,
2019-01-01,0.04273,0.0397,0.04082,6166718.05,253788.52,0.04245,direct,
2019-01-02,0.04695,0.0418,0.04245,5743195.12,251561.33,0.04539,direct,
2019-01-03,0.04539,0.04209,0.04539,4093072.38,176764.35,0.04234,direct,
2019-01-04,0.0449,0.04162,0.04234,2806659.18,121322.1,0.04389,direct,
2019-01-05,0.04625,0.04236,0.04389,6237421.52,276709.82,0.04456,direct,
2019-01-06,0.04995,0.04448,0.04456,8174160.65,385540.99,0.04929,direct,
2019-01-07,0.05117,0.04728,0.04929,6911503.44,341846.46,0.04728,direct,
2019-01-08,0.06757,0.04647,0.04728,11418343.83,569574.96,0.04813,direct,
2019-01-09,0.05315,0.04813,0.04813,11022346.57,568388.38,0.05195,direct,
2019-01-10,0.06305,0.04172,0.05195,29842796.37,1424960.11,0.04412,direct,
2019-01-11,0.04603,0.0421,0.04412,9282547.74,406404.09,0.04352,direct,
2019-01-12,0.04526,0.04224,0.04352,8774232.97,377667.57,0.04338,direct,
2019-01-13,0.04464,0.03917,0.04338,6470372.09,265248.61,0.03971,direct,
2019-01-14,0.04468,0.03971,0.03971,8862426.4,377006.11,0.04399,direct,
2019-01-15,0.04472,0.04139,0.04399,4555731.65,195317.78,0.04214,direct,
2019-01-16,0.04579,0.04206,0.04214,6916407.58,304354.88,0.04433,direct,
2019-01-17,0.04665,0.04344,0.04433,6013639.99,269795.91,0.04517,direct,
2019-01-18,0.04623,0.0432,0.04517,2475955.33,109062.87,0.04408,direct,
2019-01-19,0.04738,0.04337,0.04408,3493449.86,159256.11,0.04555,direct,
2019-01-20,0.04745,0.04179,0.04555,10383812.41,453573.0,0.04305,direct,
2019-01-21,0.04551,0.0421,0.04305,7384878.83,318417.87,0.04266,direct,
2019-01-22,0.04487,0.04133,0.04266,8615165.12,370470.94,0.04332,direct,
2019-01-23,0.04479,0.04225,0.04332,3762913.39,162841.16,0.04319,direct,
2019-01-24,0.04459,0.04207,0.04319,2211455.44,94417.96,0.04311,direct,
2019-01-25,0.04478,0.04208,0.04311,2852654.97,122036.33,0.04364,direct,
2019-01-26,0.04431,0.0421,0.04364,1940245.83,83599.85,0.04279,direct,
2019-01-27,0.04403,0.0401,0.04279,2893098.33,119328.37,0.04041,direct,
2019-01-28,0.04123,0.03674,0.04041,4868731.46,187283.6,0.03852,direct,
2019-01-29,0.03928,0.03657,0.03852,3723327.44,142436.3,0.03795,direct,
2019-01-30,0.0402,0.03731,0.03795,4272176.78,168584.08,0.03995,direct,
2019-01-31,0.04051,0.03742,0.03995,2030492.27,78991.66,0.0383,direct,
2019-02-01,0.0395,0.03667,0.0383,2907785.27,109810.59,0.03856,direct,
2019-02-02,0.03948,0.03714,0.03856,1617010.36,61893.24,0.03885,direct,
2019-02-03,0.03967,0.03716,0.03885,2096460.4,79807.77,0.03793,direct,
2019-02-04,0.03893,0.03717,0.03793,977354.13,36950.32,0.03763,direct,
2019-02-05,0.04002,0.03703,0.03763,1638693.52,61744.69,0.0382,direct,
2019-02-06,0.0382,0.03538,0.0382,5931215.29,214414.87,0.03637,direct,
2019-02-07,0.03844,0.036,0.03637,1776770.73,65504.52,0.03704,direct,
2019-02-08,0.04168,0.03529,0.03704,4916197.23,194603.69,0.04058,direct,
2019-02-09,0.04241,0.04001,0.04058,7364771.59,304264.37,0.04091,direct,
2019-02-10,0.04283,0.03917,0.04091,6872391.19,283060.57,0.04264,direct,
2019-02-11,0.04264,0.04087,0.04264,4701330.5,194355.95,0.0423,direct,
2019-02-12,0.0423,0.04015,0.0423,4381440.58,179284.7,0.04149,direct,
2019-02-13,0.04257,0.04002,0.04149,1905879.29,78278.03,0.0401,direct,
2019-02-14,0.04186,0.0397,0.0401,786827.88,31862.21,0.04056,direct,
2019-02-15,0.04184,0.03983,0.04056,1655193.11,67062.22,0.04038,direct,
2019-02-16,0.04245,0.0402,0.04038,1790846.96,73277.77,0.04069,direct,
2019-02-17,0.04218,0.04023,0.04069,2173984.41,88773.76,0.0413,direct,
2019-02-18,0.04825,0.04107,0.0413,15381409.67,679452.12,0.04519,direct,
2019-02-19,0.04816,0.04515,0.04519,7600291.72,356694.45,0.04586,direct,
2019-02-20,0.0479,0.04462,0.04586,2301969.85,106509.26,0.04731,direct,
2019-02-21,0.0477,0.04414,0.04731,5939770.92,269992.87,0.04467,direct,
2019-02-22,0.04663,0.04436,0.04467,2644717.25,120107.62,0.04563,direct,
2019-02-23,0.04898,0.04528,0.04563,6384501.6,302537.97,0.04827,direct,
2019-02-24,0.0505,0.04138,0.04827,17354265.35,795971.97,0.04155,direct,
2019-02-25,0.04466,0.04152,0.04155,4330828.16,187793.58,0.0435,direct,
2019-02-26,0.0444,0.04177,0.0435,2672949.77,114137.58,0.04288,direct,
2019-02-27,0.04413,0.04146,0.04288,2847935.06,121475.25,0.04287,direct,
2019-02-28,0.04461,0.04257,0.04287,1262205.69,54371.6,0.04295,direct,
2019-03-01,0.04468,0.04264,0.04295,3878796.4,167365.93,0.04283,direct,
2019-03-02,0.04454,0.04202,0.04283,1534682.04,65230.15,0.04358,direct,
2019-03-03,0.04439,0.04178,0.04358,878848.13,37233.48,0.04228,direct,
2019-03-04,0.04364,0.03944,0.04228,5022421.62,202626.13,0.04035,direct,
2019-03-05,0.04371,0.03983,0.04035,3263795.73,137347.0,0.0427,direct,
2019-03-06,0.0436,0.04185,0.0427,2184285.2,92750.7,0.04344,direct,
2019-03-07,0.04391,0.04204,0.04344,2116320.24,90545.57,0.04259,direct,
2019-03-08,0.04404,0.04203,0.04259,2019105.56,86315.96,0.04245,direct,
2019-03-09,0.04689,0.04236,0.04245,6195672.33,280619.02,0.04644,direct,
2019-03-10,0.04648,0.04415,0.04644,4384893.6,197582.64,0.04534,direct,
2019-03-11,0.0483,0.04458,0.04534,4831371.59,225847.93,0.04755,direct,
2019-03-12,0.04846,0.04474,0.04755,7385941.64,345295.97,0.04717,direct,
2019-03-13,0.04876,0.0457,0.04717,3952530.34,184508.03,0.04624,direct,
2019-03-14,0.04856,0.04583,0.04624,3155601.69,147942.89,0.04738,direct,
2019-03-15,0.05067,0.04736,0.04738,8281040.75,407985.02,0.04972,direct,
2019-03-16,0.05143,0.04902,0.04972,7354025.48,371689.21,0.05122,direct,
2019-03-17,0.05138,0.04929,0.05122,5001464.55,251621.84,0.04974,direct,
2019-03-18,0.05121,0.04891,0.04974,4638507.2,231146.56,0.0499,direct,
2019-03-19,0.0532,0.0491,0.0499,7221608.69,368355.5,0.05199,direct,
2019-03-20,0.05363,0.05098,0.05199,6348361.35,333864.62,0.05341,direct,
2019-03-21,0.05447,0.04998,0.05341,10037445.26,521188.18,0.05238,direct,
2019-03-22,0.05855,0.05175,0.05238,14417943.26,813290.41,0.05774,direct,
2019-03-23,0.06413,0.0567,0.05774,14336265.5,870124.55,0.06328,direct,
2019-03-24,0.07048,0.0588,0.06328,16082847.47,989512.78,0.0612,direct,
2019-03-25,0.06133,0.05605,0.0612,13917758.92,813238.19,0.05864,direct,
2019-03-26,0.0617,0.05784,0.05864,9310515.44,558887.17,0.06162,direct,
2019-03-27,0.06758,0.06045,0.06162,12863047.59,838480.63,0.06683,direct,
2019-03-28,0.06683,0.06359,0.06683,7259031.04,473731.52,0.06523,direct,
2019-03-29,0.07266,0.06522,0.06523,14587222.2,1014687.12,0.07134,direct,
2019-03-30,0.07267,0.06847,0.07134,10364903.22,733313.25,0.07167,direct,
2019-03-31,0.07208,0.06925,0.07167,2777296.32,195480.18,0.06993,direct,
2019-04-01,0.07264,0.06859,0.06993,8355054.29,586997.84,0.07167,direct,
2019-04-02,0.08596,0.07034,0.07167,28173094.31,2241160.57,0.08596,direct,
2019-04-03,0.1016,0.06139,0.08596,43633789.6,3988588.62,0.09104,direct,
2019-04-04,0.09455,0.08151,0.09104,19722048.42,1725388.44,0.08761,direct,
2019-04-05,0.09236,0.08727,0.08761,9311084.72,839936.98,0.09093,direct,
2019-04-06,0.09395,0.08738,0.09093,6950479.92,632273.57,0.08991,direct,
2019-04-07,0.09131,0.08823,0.08991,6900808.46,619846.27,0.08985,direct,
2019-04-08,0.0917,0.08346,0.08985,10496210.95,917512.66,0.08706,direct,
2019-04-09,0.08706,0.08114,0.08706,6457966.2,543608.14,0.08372,direct,
2019-04-10,0.09258,0.08348,0.08372,11467543.35,1030062.08,0.08959,direct,
2019-04-11,0.09026,0.07692,0.08959,12868327.27,1070035.04,0.08313,direct,
2019-04-12,0.08533,0.08007,0.08313,6400503.17,530369.91,0.08395,direct,
2019-04-13,0.08547,0.08233,0.08395,4394974.19,367439.01,0.08351,direct,
2019-04-14,0.08526,0.08115,0.08351,2400538.85,199160.19,0.08453,direct,
2019-04-15,0.08541,0.08027,0.08453,7538222.71,625844.63,0.08251,direct,
2019-04-16,0.08383,0.08005,0.08251,5543867.58,454760.87,0.08341,direct,
2019-04-17,0.08444,0.08181,0.08341,6058032.11,502144.53,0.08283,direct,
2019-04-18,0.08394,0.08114,0.08283,3745598.0,309954.16,0.08164,direct,
2019-04-19,0.08179,0.07771,0.08164,9337702.63,738976.25,0.07925,direct,
2019-04-20,0.07937,0.07502,0.07925,12800648.27,993964.09,0.07619,direct,
2019-04-21,0.07761,0.07139,0.07619,8072377.26,595158.18,0.07401,direct,
2019-04-22,0.07959,0.07212,0.07401,8353969.86,641348.77,0.07802,direct,
2019-04-23,0.08002,0.07394,0.07802,6456006.91,500212.83,0.07413,direct,
2019-04-24,0.07564,0.0684,0.07413,13682511.47,980420.69,0.0724,direct,
2019-04-25,0.07593,0.06707,0.0724,15102949.43,1064019.37,0.06843,direct,
2019-04-26,0.0693,0.06541,0.06843,10146048.68,681923.47,0.06803,direct,
2019-04-27,0.07156,0.06707,0.06803,3508548.34,242894.26,0.06947,direct,
2019-04-28,0.07228,0.06659,0.06931,1856586.54,126869.22,0.06739,direct,
2019-04-29,0.06967,0.06328,0.06739,5272756.28,343714.69,0.06362,direct,
2019-04-30,0.06959,0.06362,0.06362,5512595.44,368277.77,0.06953,direct,
2019-05-01,0.07017,0.06624,0.06953,6139209.08,418733.96,0.06811,direct,
2019-05-02,0.06878,0.06704,0.06811,3941758.71,267855.42,0.06739,direct,
2019-05-03,0.07343,0.06656,0.06739,13243434.96,921530.29,0.06882,direct,
2019-05-04,0.07137,0.06531,0.06882,12480584.76,844915.77,0.06626,direct,
2019-05-05,0.06721,0.06489,0.06626,4178453.12,275696.45,0.06556,direct,
2019-05-06,0.06808,0.06294,0.06556,7637297.94,497359.88,0.06611,direct,
2019-05-07,0.06833,0.06295,0.06611,8420188.64,554755.46,0.06313,direct,
2019-05-08,0.06471,0.06186,0.06313,5357608.17,337544.84,0.06395,direct,
2019-05-09,0.06486,0.06003,0.06395,8333907.01,514781.67,0.06132,direct,
2019-05-10,0.06521,0.05896,0.06132,10855316.66,676645.78,0.06302,direct,
2019-05-11,0.07922,0.063,0.06302,32242745.61,2333373.57,0.07584,direct,
2019-05-12,0.07736,0.06801,0.07584,26176670.15,1878910.94,0.0704,direct,
2019-05-13,0.07693,0.06972,0.0704,17124269.26,1272399.53,0.07275,direct,
2019-05-14,0.08481,0.07275,0.07275,25356202.2,1999605.76,0.08481,direct,
2019-05-15,0.09563,0.08304,0.08481,28803553.2,2538036.22,0.09408,direct,
2019-05-16,0.1004,0.08333,0.09408,34667804.34,3179980.98,0.08765,direct,
2019-05-17,0.08995,0.07386,0.08765,41369048.4,3297380.45,0.08325,direct,
2019-05-18,0.08467,0.07743,0.08325,11433447.52,938694.39,0.07835,direct,
2019-05-19,0.08833,0.07746,0.07835,16491623.78,1404638.17,0.08693,direct,
2019-05-20,0.08732,0.07927,0.08693,14014051.02,1170441.7,0.0846,direct,
2019-05-21,0.08651,0.08213,0.0846,7915068.26,670119.61,0.08453,direct,
2019-05-22,0.08563,0.07709,0.08453,14418814.6,1165296.43,0.07737,direct,
2019-05-23,0.08068,0.07398,0.07737,7811056.53,604481.09,0.08068,direct,
2019-05-24,0.08396,0.0784,0.08068,12609984.84,1036663.56,0.08098,direct,
2019-05-25,0.08238,0.07899,0.08098,3617705.54,291910.82,0.07998,direct,
2019-05-26,0.0879,0.07845,0.07998,10527356.12,888245.56,0.0861,direct,
2019-05-27,0.0936,0.08425,0.0861,12459762.19,1100101.8,0.09103,direct,
2019-05-28,0.09293,0.08575,0.09103,12350708.36,1104125.35,0.09291,direct,
2019-05-29,0.09393,0.08578,0.09291,14683691.04,1331198.85,0.09076,direct,
2019-05-30,0.09817,0.0798,0.09076,30952454.12,2794919.92,0.08402,direct,
2019-05-31,0.08977,0.08137,0.08402,15149031.75,1294799.98,0.08911,direct,
2019-06-01,0.09248,0.08571,0.08911,9670545.71,865228.92,0.09009,direct,
2019-06-02,0.09761,0.09009,0.09009,15805994.61,1485377.18,0.0964,direct,
2019-06-03,0.09786,0.08725,0.0964,17721930.88,1643932.66,0.08772,direct,
2019-06-04,0.08778,0.07896,0.08772,28284067.78,2354150.45,0.08223,direct,
2019-06-05,0.08437,0.0796,0.08223,10327867.55,854080.56,0.08281,direct,
2019-06-06,0.08386,0.07818,0.08281,6585082.85,535246.85,0.08297,direct,
2019-06-07,0.08729,0.08223,0.08297,8649811.02,735551.34,0.08542,direct,
2019-06-08,0.08615,0.08191,0.08542,3156555.99,264751.01,0.08385,direct,
2019-06-09,0.08421,0.07733,0.08385,12618364.99,1002904.28,0.0791,direct,
2019-06-10,0.0856,0.07796,0.0791,8810274.9,730133.42,0.08552,direct,
2019-06-11,0.08932,0.08249,0.08552,10959349.24,945081.22,0.08806,direct,
2019-06-12,0.09657,0.08595,0.08806,21021113.62,1938086.15,0.09646,direct,
2019-06-13,0.0969,0.0885,0.09646,13223052.89,1225104.41,0.08946,direct,
2019-06-14,0.0908,0.08574,0.08946,16779442.58,1477434.18,0.09047,direct,
2019-06-15,0.09284,0.09034,0.09047,7304530.69,667700.49,0.09143,direct,
2019-06-16,0.09426,0.09029,0.09143,14547020.31,1340429.75,0.09208,direct,
2019-06-17,0.09387,0.09156,0.09208,8329521.6,773423.99,0.09337,direct,
2019-06-18,0.09353,0.08809,0.09337,9399973.66,846736.59,0.08875,direct,
2019-06-19,0.09142,0.08859,0.08875,4006623.97,359437.14,0.08972,direct,
2019-06-20,0.09028,0.08532,0.08972,10876212.75,955193.89,0.08742,direct,
2019-06-21,0.09109,0.08742,0.08742,8802596.16,788210.87,0.08965,direct,
2019-06-22,0.09735,0.08923,0.08965,26365913.81,2459248.7,0.09381,direct,
2019-06-23,0.1022,0.09051,0.09381,24004303.01,2344687.71,0.0959,direct,
2019-06-24,0.09884,0.09352,0.0959,10536214.47,1013145.01,0.09756,direct,
2019-06-25,0.09815,0.09342,0.09756,11821074.65,1128560.87,0.09576,direct,
2019-06-26,0.1063,0.08911,0.09576,39986804.71,3978933.74,0.09607,direct,
2019-06-27,0.09823,0.08229,0.09607,36474438.02,3180856.82,0.08498,direct,
2019-06-28,0.08923,0.08336,0.08498,18984104.87,1637404.13,0.08854,direct,
2019-06-29,0.09031,0.08359,0.08854,13992958.27,1214210.97,0.08947,direct,
2019-06-30,0.09031,0.08101,0.08947,13331076.56,1144950.02,0.08199,direct,
2019-07-01,0.08537,0.07962,0.08199,10596337.3,871653.24,0.0831,direct,
2019-07-02,0.08382,0.07624,0.0831,16742748.86,1326001.04,0.08054,direct,
2019-07-03,0.08338,0.07976,0.08054,10394307.19,850238.32,0.0827,direct,
2019-07-04,0.08278,0.07734,0.0827,8059821.14,641848.25,0.07749,direct,
2019-07-05,0.07795,0.0756,0.07749,5654395.51,434956.66,0.0765,direct,
2019-07-06,0.08074,0.0765,0.0765,3593520.52,280724.67,0.07729,direct,
2019-07-07,0.0806,0.07676,0.07729,5104016.71,403578.12,0.08014,direct,
2019-07-08,0.08242,0.07896,0.08014,12190360.73,982439.79,0.08023,direct,
2019-07-09,0.08084,0.07708,0.08023,12378709.78,977347.93,0.07814,direct,
2019-07-10,0.07838,0.06933,0.07814,19863501.04,1445733.83,0.07158,direct,
2019-07-11,0.07158,0.0626,0.07158,17491966.2,1139892.72,0.0649,direct,
2019-07-12,0.07071,0.06342,0.0649,7723426.88,527240.75,0.06959,direct,
2019-07-13,0.0709,0.06407,0.06959,6624178.67,443055.4,0.06667,direct,
2019-07-14,0.06732,0.05916,0.06667,10573588.89,656170.33,0.05918,direct,
2019-07-15,0.06033,0.05464,0.05918,11474876.33,669107.08,0.05922,direct,
2019-07-16,0.06079,0.05017,0.05922,18604258.26,1034351.41,0.05187,direct,
2019-07-17,0.05784,0.05012,0.05187,13953043.78,750833.05,0.05514,direct,
2019-07-18,0.05968,0.05336,0.05514,10118782.96,576795.74,0.05871,direct,
2019-07-19,0.06077,0.05615,0.05871,5981892.72,347829.14,0.05996,direct,
2019-07-20,0.06521,0.05969,0.05996,9145176.61,572257.67,0.06282,direct,
2019-07-21,0.06399,0.05937,0.06282,6875490.67,421554.72,0.06113,direct,
2019-07-22,0.06256,0.05818,0.06113,5892762.85,352707.48,0.05959,direct,
2019-07-23,0.05998,0.05524,0.05959,6585441.94,373976.06,0.0558,direct,
2019-07-24,0.05906,0.054,0.0558,5419866.25,305833.81,0.05885,direct,
2019-07-25,0.06072,0.05834,0.05885,3588027.07,214072.88,0.05889,direct,
2019-07-26,0.06289,0.05693,0.05889,8157967.5,495163.39,0.06283,direct,
2019-07-27,0.06379,0.05721,0.06283,8389858.43,503341.1,0.05983,direct,
2019-07-28,0.0613,0.05694,0.05983,3503694.41,205023.89,0.05955,direct,
2019-07-29,0.06229,0.05803,0.05955,4780372.51,289682.57,0.06033,direct,
2019-07-30,0.06161,0.05888,0.06033,3776806.36,227928.63,0.06048,direct,
2019-07-31,0.0615,0.05923,0.06048,7108243.04,424314.45,0.06009,direct,
2019-08-01,0.0602,0.05794,0.06009,2209887.76,129817.43,0.05881,direct,
2019-08-02,0.05989,0.05618,0.05881,5392988.56,311175.64,0.05762,direct,
2019-08-03,0.05833,0.05698,0.05762,2613847.81,150620.71,0.0577,direct,
2019-08-04,0.0581,0.05602,0.0577,2113578.33,120035.18,0.05633,direct,
2019-08-05,0.05815,0.05618,0.05633,5154210.74,295065.18,0.05642,direct,
2019-08-06,0.05647,0.05278,0.05642,6969111.07,380422.12,0.05345,direct,
2019-08-07,0.05421,0.0514,0.05345,4075197.45,213101.88,0.05194,direct,
2019-08-08,0.05306,0.05051,0.05194,5551539.71,287637.66,0.05214,direct,
2019-08-09,0.05215,0.04735,0.05214,8616547.03,421999.98,0.04765,direct,
2019-08-10,0.05366,0.04763,0.04765,11983666.06,611671.84,0.05189,direct,
2019-08-11,0.0559,0.05171,0.05189,6456783.21,347835.57,0.05506,direct,
2019-08-12,0.05506,0.05261,0.05506,3109482.05,166239.55,0.05302,direct,
2019-08-13,0.0531,0.04983,0.05302,5768228.81,296437.36,0.0526,direct,
2019-08-14,0.05344,0.04667,0.0526,8383864.39,421820.23,0.04704,direct,
2019-08-15,0.04814,0.04463,0.04704,8920843.27,413676.76,0.04749,direct,
2019-08-16,0.04769,0.0446,0.04749,7448244.33,340751.22,0.04675,direct,
2019-08-17,0.04933,0.04636,0.04675,3383571.37,159325.87,0.04762,direct,
2019-08-18,0.05143,0.04704,0.04762,4310611.99,212606.85,0.0507,direct,
2019-08-19,0.0515,0.04941,0.0507,2765574.92,139170.96,0.05022,direct,
2019-08-20,0.0503,0.04873,0.05022,2491090.04,123098.56,0.04926,direct,
2019-08-21,0.05942,0.04599,0.04926,4959623.98,234099.08,0.04727,direct,
2019-08-22,0.05138,0.04668,0.04727,4561842.23,223843.67,0.04944,direct,
2019-08-23,0.05131,0.04921,0.04944,3590459.11,179049.75,0.05001,direct,
2019-08-24,0.05145,0.04832,0.05001,5003365.14,248151.7,0.0503,direct,
2019-08-25,0.05346,0.04879,0.0503,4845309.2,245845.63,0.04979,direct,
2019-08-26,0.05106,0.04886,0.04979,4182588.9,209626.52,0.0498,direct,
2019-08-27,0.05037,0.04828,0.0498,2274277.02,111887.87,0.05003,direct,
2019-08-28,0.05064,0.04534,0.05003,6764575.6,320149.86,0.04603,direct,
2019-08-29,0.04604,0.04353,0.04603,11865049.24,523832.29,0.04476,direct,
2019-08-30,0.04697,0.04418,0.04476,2434276.16,110365.53,0.04522,direct,
2019-08-31,0.04681,0.04413,0.04522,3246583.89,146464.31,0.04531,direct,
2019-09-01,0.04646,0.04386,0.04531,3843934.2,172873.0,0.04498,direct,
2019-09-02,0.04626,0.04359,0.04498,3957773.82,177912.3,0.04565,direct,
2019-09-03,0.04748,0.04479,0.04565,5161526.54,238013.13,0.04693,direct,
2019-09-04,0.04695,0.04528,0.04693,4027907.45,184261.97,0.04555,direct,
2019-09-05,0.0457,0.04408,0.04555,3514416.86,157066.12,0.0445,direct,
2019-09-06,0.04498,0.04361,0.0445,7288044.12,323138.31,0.04449,direct,
2019-09-07,0.04661,0.04381,0.04449,4437651.67,201416.73,0.04636,direct,
2019-09-08,0.04815,0.04615,0.04636,4086273.37,192089.72,0.04677,direct,
2019-09-09,0.04759,0.04554,0.04677,4391905.5,204503.73,0.04699,direct,
2019-09-10,0.04927,0.04578,0.04699,5490350.09,257175.18,0.04671,direct,
2019-09-11,0.0473,0.04466,0.04671,3749271.74,171113.57,0.04497,direct,
2019-09-12,0.04646,0.04461,0.04497,3488993.68,158066.95,0.04564,direct,
2019-09-13,0.04632,0.04506,0.04564,4678497.85,212761.13,0.04608,direct,
2019-09-14,0.04729,0.04507,0.04608,3163078.9,146282.89,0.04657,direct,
2019-09-15,0.04745,0.0462,0.04657,1339832.97,62643.27,0.04702,direct,
2019-09-16,0.04814,0.04489,0.04702,6602104.05,308242.99,0.04724,direct,
2019-09-17,0.05087,0.04714,0.04724,10449865.51,511749.15,0.04898,direct,
2019-09-18,0.05558,0.04892,0.04898,14598931.59,773589.8,0.053,direct,
2019-09-19,0.05472,0.04964,0.053,14269101.01,737833.1,0.05249,direct,
2019-09-20,0.05277,0.05044,0.05249,4084478.1,210089.55,0.05254,direct,
2019-09-21,0.05426,0.05128,0.05254,4162081.43,217180.52,0.05202,direct,
2019-09-22,0.05202,0.0478,0.05202,7180098.39,353945.36,0.04909,direct,
2019-09-23,0.04953,0.04614,0.04909,7519864.26,361719.38,0.04623,direct,
2019-09-24,0.0475,0.03643,0.04623,20771854.28,856293.58,0.0376,direct,
2019-09-25,0.0406,0.03604,0.0376,11296870.85,430393.18,0.03917,direct,
2019-09-26,0.04014,0.03515,0.03917,13339879.72,503640.43,0.03792,direct,
2019-09-27,0.04,0.03703,0.03792,5749975.41,220509.64,0.03943,direct,
2019-09-28,0.04086,0.03827,0.03943,3827812.54,149539.95,0.03888,direct,
2019-09-29,0.03975,0.03644,0.03888,6243289.47,233371.05,0.03856,direct,
2019-09-30,0.04021,0.03631,0.03856,9518619.47,367211.17,0.03933,direct,
2019-10-01,0.04039,0.03836,0.03933,4169755.99,163171.01,0.03896,direct,
2019-10-02,0.04038,0.03821,0.03896,2443018.33,95514.05,0.03969,direct,
2019-10-03,0.04035,0.03779,0.03969,4820914.86,187129.46,0.0385,direct,
2019-10-04,0.04099,0.03779,0.0385,3688846.3,146172.4,0.03994,direct,
2019-10-05,0.04106,0.03911,0.03994,2921369.58,115844.65,0.04047,direct,
2019-10-06,0.04123,0.03843,0.04047,3197667.06,126214.45,0.03915,direct,
2019-10-07,0.04215,0.03865,0.03915,10915671.5,444902.58,0.0417,direct,
2019-10-08,0.04285,0.04048,0.0417,5191900.31,213603.29,0.0414,direct,
2019-10-09,0.04356,0.04089,0.0414,5285746.86,224108.26,0.04274,direct,
2019-10-10,0.04282,0.04079,0.04274,3803392.8,157720.95,0.04174,direct,
2019-10-11,0.04245,0.04021,0.04174,3026986.06,124150.76,0.04025,direct,
2019-10-12,0.04184,0.04023,0.04025,1995435.74,81267.62,0.04102,direct,
2019-10-13,0.04276,0.04074,0.04102,2361157.55,97393.28,0.04153,direct,
2019-10-14,0.04324,0.04118,0.04153,3884826.45,161840.18,0.04195,direct,
2019-10-15,0.04294,0.0393,0.04195,5078526.51,205444.34,0.03978,direct,
2019-10-16,0.04085,0.03775,0.03978,4564775.99,175576.39,0.03866,direct,
2019-10-17,0.0404,0.03811,0.03866,4090453.59,159681.91,0.03969,direct,
2019-10-18,0.04052,0.03764,0.03969,5009160.59,192264.74,0.03825,direct,
2019-10-19,0.04067,0.03796,0.03825,6525004.83,251461.46,0.04017,direct,
2019-10-20,0.04057,0.03838,0.04017,2257667.94,88259.7,0.04049,direct,
2019-10-21,0.04067,0.03887,0.04049,2112680.94,83192.29,0.03975,direct,
2019-10-22,0.04097,0.03883,0.03975,3351759.81,133163.06,0.03897,direct,
2019-10-23,0.03988,0.03551,0.03897,8421983.11,316693.68,0.03652,direct,
2019-10-24,0.03915,0.03623,0.03652,5453844.16,204871.64,0.03774,direct,
2019-10-25,0.04201,0.03761,0.03774,10118826.1,407341.66,0.04132,direct,
2019-10-26,0.04339,0.03935,0.04132,11980298.73,495531.45,0.04076,direct,
2019-10-27,0.04341,0.03976,0.04076,5899235.59,247326.73,0.04224,direct,
2019-10-28,0.04472,0.04202,0.04224,6750262.2,292120.38,0.04234,direct,
2019-10-29,0.04391,0.04229,0.04234,2484175.1,106662.89,0.04333,direct,
2019-10-30,0.04448,0.04122,0.04333,4980214.26,209565.75,0.04182,direct,
2019-10-31,0.04231,0.04033,0.04182,3358874.38,138703.28,0.04146,direct,
2019-11-01,0.04277,0.04118,0.04146,3333980.6,139871.21,0.04244,direct,
2019-11-02,0.04319,0.042,0.04244,2441453.71,103805.63,0.04271,direct,
2019-11-03,0.04303,0.04153,0.04271,973116.5,40984.76,0.04224,direct,
2019-11-04,0.04355,0.04175,0.04224,1877124.98,80418.47,0.04328,direct,
2019-11-05,0.0449,0.04317,0.04328,3882104.04,171495.78,0.04435,direct,
2019-11-06,0.04601,0.04376,0.04435,2669608.84,119713.38,0.04493,direct,
2019-11-07,0.04533,0.04273,0.04493,2879177.02,125236.22,0.04366,direct,
2019-11-08,0.04436,0.04102,0.04366,5974695.5,251650.98,0.04225,direct,
2019-11-09,0.04387,0.04216,0.04225,1119540.78,47944.58,0.04308,direct,
2019-11-10,0.04465,0.04266,0.04308,16483786.48,723892.72,0.04396,direct,
2019-11-11,0.04465,0.04239,0.04396,2126853.44,92442.26,0.04347,direct,
2019-11-12,0.04518,0.04316,0.04347,3111735.96,136338.06,0.04395,direct,
2019-11-13,0.04485,0.04062,0.04395,5159826.56,222683.92,0.04319,direct,
2019-11-14,0.0444,0.04214,0.04319,3181763.86,136090.62,0.04365,direct,
2019-11-15,0.04469,0.04208,0.04365,6550291.53,282567.4,0.04412,direct,
2019-11-16,0.04555,0.04339,0.04412,4530489.44,199893.12,0.04423,direct,
2019-11-17,0.04685,0.04346,0.04423,3702657.01,166037.62,0.04529,direct,
2019-11-18,0.04678,0.04291,0.04529,5451631.61,242010.2,0.0434,direct,
2019-11-19,0.04495,0.04124,0.0434,3723968.15,157386.19,0.04243,direct,
2019-11-20,0.04409,0.04059,0.04243,3511674.55,146091.12,0.0412,direct,
2019-11-21,0.04237,0.03748,0.0412,7498998.72,292095.37,0.03852,direct,
2019-11-22,0.0399,0.03452,0.03852,15090671.92,551354.12,0.03722,direct,
2019-11-23,0.03999,0.03663,0.03722,2128916.27,81117.55,0.03963,direct,
2019-11-24,0.04086,0.03548,0.03963,2791586.83,102806.82,0.03551,direct,
2019-11-25,0.03863,0.03332,0.03551,9916040.11,344493.94,0.03607,direct,
2019-11-26,0.0386,0.03575,0.03607,3236813.4,118318.27,0.03821,direct,
2019-11-27,0.04005,0.03558,0.03821,13355448.26,521006.11,0.0391,direct,
2019-11-28,0.04112,0.0385,0.0391,3577803.53,140061.56,0.03947,direct,
2019-11-29,0.04308,0.03938,0.03947,8877647.93,365415.92,0.04136,direct,
2019-11-30,0.04299,0.04005,0.04136,4829896.44,197042.17,0.04085,direct,
2019-12-01,0.04183,0.03859,0.04085,3300482.26,130930.54,0.04053,direct,
2019-12-02,0.04124,0.0377,0.04053,3572053.19,136789.69,0.03898,direct,
2019-12-03,0.04005,0.03795,0.03898,3988908.0,153335.99,0.03807,direct,
2019-12-04,0.03973,0.03649,0.03807,6095007.5,228527.78,0.03758,direct,
2019-12-05,0.03924,0.037,0.03758,2361778.32,89462.57,0.03815,direct,
2019-12-06,0.03946,0.03748,0.03815,1452092.45,55456.3,0.03883,direct,
2019-12-07,0.04029,0.03857,0.03883,4072012.99,157937.92,0.04001,direct,
2019-12-08,0.0402,0.03847,0.04001,2605555.35,101279.47,0.03895,direct,
2019-12-09,0.04011,0.03717,0.03895,4280293.57,164794.3,0.03859,direct,
2019-12-10,0.03876,0.03649,0.03859,2443993.42,90801.38,0.03677,direct,
2019-12-11,0.03832,0.03642,0.03677,2549042.79,93819.38,0.03713,direct,
2019-12-12,0.03824,0.03624,0.03713,7031367.97,256747.13,0.03683,direct,
2019-12-13,0.03882,0.03667,0.03683,3109686.45,115664.85,0.03744,direct,
2019-12-14,0.03896,0.03602,0.03744,3662836.77,135057.09,0.03795,direct,
2019-12-15,0.03844,0.03611,0.03795,1613722.94,59369.83,0.03735,direct,
2019-12-16,0.0382,0.03365,0.03735,5840548.2,202107.49,0.03443,direct,
2019-12-17,0.03602,0.0315,0.03443,5729509.88,187940.82,0.0318,direct,
2019-12-18,0.0348,0.03062,0.0318,7019723.11,229233.45,0.03436,direct,
2019-12-19,0.0358,0.03326,0.03436,2242953.53,76544.53,0.03339,direct,
2019-12-20,0.03549,0.03306,0.03339,1329403.25,45199.69,0.03454,direct,
2019-12-21,0.03554,0.03326,0.03454,2917043.41,97758.22,0.03338,direct,
2019-12-22,0.03604,0.03338,0.03338,1745625.49,59815.43,0.03485,direct,
2019-12-23,0.03591,0.03309,0.03485,3983910.66,135032.8,0.03437,direct,
2019-12-24,0.03604,0.03299,0.03437,1979323.18,67578.49,0.03497,direct,
2019-12-25,0.03569,0.03327,0.03497,1360098.73,46009.41,0.03396,direct,
2019-12-26,0.03599,0.03371,0.03396,2120875.63,72723.79,0.03459,direct,
2019-12-27,0.03602,0.03174,0.03459,9878084.61,324058.18,0.03294,direct,
2019-12-28,0.03565,0.03292,0.03294,2358097.37,80429.88,0.03528,direct,
2019-12-29,0.03573,0.03355,0.03528,3137553.9,106667.69,0.03539,direct,
2019-12-30,0.03562,0.03345,0.03539,2812757.06,95020.27,0.034,direct,
2019-12-31,0.0349,0.03251,0.034,8507625.13,280257.76,0.03277,direct,
2020-01-01,0.03504,0.03268,0.03277,4920174.42,164456.62,0.03381,direct,
2020-01-02,0.03491,0.03239,0.03381,6835733.12,226620.34,0.03437,direct,
2020-01-03,0.03549,0.03262,0.03437,4630401.95,156772.98,0.03461,direct,
2020-01-04,0.03565,0.03408,0.03461,1198369.38,41438.34,0.03493,direct,
2020-01-05,0.03636,0.03443,0.03493,4322003.99,151693.25,0.03465,direct,
2020-01-06,0.03742,0.03457,0.03465,5671683.11,203686.46,0.03737,direct,
2020-01-07,0.03883,0.03657,0.03737,8364345.66,313041.42,0.03717,direct,
2020-01-08,0.03895,0.03587,0.03717,11440136.81,428113.13,0.03647,direct,
2020-01-09,0.03751,0.03575,0.03647,4357547.84,157489.31,0.0364,direct,
2020-01-10,0.03826,0.03495,0.0364,4519611.67,163206.37,0.03707,direct,
2020-01-11,0.03923,0.03693,0.03707,2379520.34,89315.72,0.03721,direct,
2020-01-12,0.03895,0.03698,0.03721,1246147.45,47102.19,0.03837,direct,
2020-01-13,0.03913,0.0372,0.03837,2195589.52,81969.4,0.03724,direct,
2020-01-14,0.04272,0.03724,0.03724,13819705.91,555998.79,0.04174,direct,
2020-01-15,0.04365,0.04016,0.04174,19455112.68,813852.57,0.04282,direct,
2020-01-16,0.04328,0.04034,0.04282,5599034.06,232729.47,0.04156,direct,
2020-01-17,0.04607,0.04132,0.04156,17479603.01,773446.88,0.04503,direct,
2020-01-18,0.04601,0.04323,0.04503,10254132.51,462040.38,0.04497,direct,
2020-01-19,0.04681,0.04148,0.04497,5383482.34,233196.57,0.04227,direct,
2020-01-20,0.04521,0.04212,0.04227,3914904.12,170968.57,0.04521,direct,
2020-01-21,0.04706,0.04379,0.04521,7904250.56,361902.42,0.0463,direct,
2020-01-22,0.04725,0.04548,0.0463,3487129.45,160209.56,0.04604,direct,
2020-01-23,0.04703,0.04228,0.04604,5842922.86,254368.09,0.04339,direct,
2020-01-24,0.04638,0.0415,0.04339,4007288.16,175018.28,0.0454,direct,
2020-01-25,0.04587,0.04337,0.0454,1390029.61,61838.29,0.04388,direct,
2020-01-26,0.04585,0.04353,0.04388,2682536.76,118208.31,0.04489,direct,
2020-01-27,0.04889,0.04427,0.04489,13341600.37,623218.22,0.04774,direct,
2020-01-28,0.05448,0.04756,0.04774,27651679.1,1423515.64,0.05309,direct,
2020-01-29,0.0575,0.05255,0.05309,16784249.64,928172.43,0.05319,direct,
2020-01-30,0.05709,0.05215,0.05319,12214364.44,671602.3,0.05607,direct,
2020-01-31,0.0565,0.05227,0.05607,8940698.59,485390.54,0.05383,direct,
2020-02-01,0.05708,0.05322,0.05383,5130318.1,282630.11,0.05612,direct,
2020-02-02,0.05871,0.05492,0.05612,8531715.8,489070.9,0.05578,direct,
2020-02-03,0.05795,0.05533,0.05578,5773863.62,327418.3,0.05704,direct,
2020-02-04,0.0577,0.05421,0.05704,7516294.49,419354.46,0.05607,direct,
2020-02-05,0.06017,0.05561,0.05607,8986317.02,529425.84,0.05925,direct,
2020-02-06,0.06074,0.05824,0.05925,9252886.5,552410.24,0.05999,direct,
2020-02-07,0.06235,0.05948,0.05999,8958329.02,544220.74,0.05981,direct,
2020-02-08,0.06127,0.05697,0.05981,13086698.64,781090.92,0.06017,direct,
2020-02-09,0.06252,0.06006,0.06017,11878846.45,728032.14,0.06214,direct,
2020-02-10,0.06214,0.05849,0.06214,7324080.15,438389.25,0.06034,direct,
2020-02-11,0.06383,0.05874,0.06034,11518563.31,710965.65,0.06383,direct,
2020-02-12,0.07039,0.06383,0.06383,19704893.09,1307172.84,0.06833,direct,
2020-02-13,0.07226,0.06546,0.06833,18738969.68,1296384.03,0.06894,direct,
2020-02-14,0.07129,0.06714,0.06894,9129714.45,635897.58,0.07083,direct,
2020-02-15,0.07138,0.06255,0.07083,18079494.19,1203187.7,0.06423,direct,
2020-02-16,0.06702,0.05644,0.06423,20805263.44,1290746.12,0.06216,direct,
2020-02-17,0.0627,0.05585,0.06216,9840911.37,576147.9,0.06024,direct,
2020-02-18,0.0637,0.0582,0.06024,12295638.53,758307.41,0.0629,direct,
2020-02-19,0.0634,0.05697,0.0629,12432981.47,755361.17,0.0575,direct,
2020-02-20,0.059,0.05553,0.0575,11321753.98,649180.23,0.05827,direct,
2020-02-21,0.06019,0.05769,0.05827,4880131.96,288494.07,0.05915,direct,
2020-02-22,0.06048,0.05765,0.05915,1462456.76,85980.1,0.05887,direct,
2020-02-23,0.06244,0.05886,0.05887,5722399.65,350409.55,0.06192,direct,
2020-02-24,0.06242,0.05736,0.06192,5649710.25,335493.99,0.05925,direct,
2020-02-25,0.05949,0.05606,0.05925,5127110.89,293107.28,0.05659,direct,
2020-02-26,0.05666,0.04671,0.05659,31389417.26,1580873.2,0.04928,direct,
2020-02-27,0.05226,0.04638,0.04928,13777626.35,685890.46,0.04955,direct,
2020-02-28,0.05272,0.04613,0.04955,9251196.36,443357.96,0.04902,direct,
2020-02-29,0.05152,0.04765,0.04902,2051065.69,99813.05,0.04765,direct,
2020-03-01,0.05448,0.04518,0.04765,15005534.62,695238.97,0.04595,direct,
2020-03-02,0.04994,0.04557,0.04595,9705020.69,467822.67,0.0493,direct,
2020-03-03,0.0507,0.0477,0.0493,3844010.22,187121.33,0.0487,direct,
2020-03-04,0.05066,0.04815,0.0487,6957875.14,344249.73,0.04887,direct,
2020-03-05,0.05798,0.04887,0.04887,8060778.76,415716.19,0.05107,direct,
2020-03-06,0.0517,0.05005,0.05107,3827413.17,195385.47,0.0517,direct,
2020-03-07,0.05189,0.04833,0.0517,3536974.91,174857.34,0.04895,direct,
2020-03-08,0.04895,0.04252,0.04895,10610395.17,476975.52,0.04274,direct,
2020-03-09,0.04401,0.03901,0.04274,23081946.18,954527.06,0.04154,direct,
2020-03-10,0.04308,0.04031,0.04154,7451844.69,311080.55,0.04136,direct,
2020-03-11,0.04176,0.03745,0.04136,13894778.54,545347.28,0.03975,direct,
2020-03-12,0.03982,0.02296,0.03975,45655740.68,1375690.44,0.02319,direct,
2020-03-13,0.02972,0.01608,0.02319,61118871.79,1533719.66,0.02845,direct,
2020-03-14,0.02908,0.02534,0.02845,9952458.58,271252.88,0.0257,direct,
2020-03-15,0.02888,0.02334,0.0257,25425391.65,670820.7,0.02695,direct,
2020-03-16,0.02695,0.02165,0.02695,21801207.36,515590.63,0.02419,direct,
2020-03-17,0.02667,0.02419,0.02419,13212709.57,341779.85,0.02598,direct,
2020-03-18,0.02653,0.02445,0.02598,9618572.58,245942.55,0.02616,direct,
2020-03-19,0.03202,0.02584,0.02616,28893580.47,861847.33,0.03047,direct,
2020-03-20,0.03412,0.02666,0.03047,25860547.68,807184.84,0.02937,direct,
2020-03-21,0.03059,0.02788,0.02937,7802297.96,228508.29,0.02943,direct,
2020-03-22,0.03052,0.02685,0.02943,13533882.55,380292.09,0.02716,direct,
2020-03-23,0.03,0.02667,0.02716,12464966.29,353072.15,0.02914,direct,
2020-03-24,0.03046,0.02898,0.02914,15616324.4,462494.38,0.03029,direct,
2020-03-25,0.03052,0.02886,0.03029,12364413.66,365952.66,0.02949,direct,
2020-03-26,0.031,0.02934,0.02949,5764312.32,171775.15,0.03095,direct,
2020-03-27,0.03149,0.02868,0.03095,9736049.84,295475.88,0.02888,direct,
2020-03-28,0.02999,0.02788,0.02888,9711365.39,279579.29,0.02992,direct,
2020-03-29,0.03003,0.02818,0.02992,5711661.48,164808.06,0.02822,direct,
2020-03-30,0.03048,0.02805,0.02822,11783657.49,345774.55,0.02972,direct,
2020-03-31,0.03074,0.02955,0.02972,4986133.54,150662.16,0.03057,direct,
2020-04-01,0.03099,0.02955,0.03057,10864554.28,328637.59,0.03093,direct,
2020-04-02,0.03361,0.02884,0.03093,10253851.34,328975.87,0.03194,direct,
2020-04-03,0.03283,0.03169,0.03194,7659701.84,246945.63,0.03226,direct,
2020-04-04,0.03259,0.03184,0.03226,2125233.36,68451.12,0.0325,direct,
2020-04-05,0.03261,0.03165,0.0325,6149981.01,196941.4,0.032,direct,
2020-04-06,0.03609,0.032,0.032,12791179.83,438259.51,0.03605,direct,
2020-04-07,0.03726,0.03456,0.03605,17482991.29,634861.73,0.03518,direct,
2020-04-08,0.03718,0.03518,0.03518,6958291.5,253223.45,0.03652,direct,
2020-04-09,0.0366,0.03533,0.03652,4404609.59,158229.65,0.03619,direct,
2020-04-10,0.0362,0.03216,0.03619,8395717.37,282795.19,0.03316,direct,
2020-04-11,0.03413,0.03279,0.03316,3849115.55,129597.49,0.03353,direct,
2020-04-12,0.03499,0.03303,0.03353,6584578.78,226076.45,0.03354,direct,
2020-04-13,0.03355,0.03204,0.03354,6921611.57,225832.62,0.0332,direct,
2020-04-14,0.03379,0.03268,0.0332,3059174.7,101800.73,0.03313,direct,
2020-04-15,0.03369,0.03184,0.03313,2220459.63,72593.31,0.03185,direct,
2020-04-16,0.035,0.03086,0.03185,11818449.28,383523.89,0.03441,direct,
2020-04-17,0.03483,0.03418,0.03441,3140053.22,108285.04,0.03448,direct,
2020-04-18,0.03692,0.03448,0.03448,5853353.54,210391.05,0.0366,direct,
2020-04-19,0.03678,0.03526,0.0366,3892975.05,139710.57,0.03561,direct,
2020-04-20,0.03658,0.03398,0.03561,11024018.44,386024.95,0.03401,direct,
2020-04-21,0.03506,0.03381,0.03401,5817173.48,199393.59,0.03464,direct,
2020-04-22,0.03669,0.03166,0.03464,6445377.19,228778.89,0.03666,direct,
2020-04-23,0.04262,0.03653,0.03666,15203417.72,600387.42,0.04085,direct,
2020-04-24,0.04384,0.04085,0.04085,18387730.84,789964.5,0.04169,direct,
2020-04-25,0.04363,0.04089,0.04169,10028180.54,426398.54,0.04214,direct,
2020-04-26,0.04622,0.04196,0.04214,11444783.43,510599.41,0.04593,direct,
2020-04-27,0.0475,0.04426,0.04593,12647893.38,581013.33,0.04658,direct,
2020-04-28,0.04806,0.04613,0.04658,10484955.67,494603.43,0.047,direct,
2020-04-29,0.05223,0.04686,0.047,20392150.18,1031611.01,0.05155,direct,
2020-04-30,0.05445,0.04714,0.05155,36699929.91,1849363.99,0.0475,direct,
2020-05-01,0.05186,0.0475,0.0475,15790127.54,791364.41,0.05101,direct,
2020-05-02,0.05147,0.04947,0.05101,7376638.6,372480.75,0.05097,direct,
2020-05-03,0.05178,0.048,0.05097,10834447.04,537651.26,0.04899,direct,
2020-05-04,0.05022,0.04617,0.04899,23187843.5,1122362.05,0.04957,direct,
2020-05-05,0.05058,0.04868,0.04957,6155960.1,305533.03,0.04953,direct,
2020-05-06,0.05115,0.04862,0.04953,9636074.89,482151.53,0.04907,direct,
2020-05-07,0.05153,0.04853,0.04907,11443840.19,575067.21,0.05131,direct,
2020-05-08,0.05379,0.05102,0.05131,12528378.36,657583.89,0.0521,direct,
2020-05-09,0.05304,0.05135,0.0521,6960098.43,364478.54,0.05151,direct,
2020-05-10,0.05152,0.04272,0.05151,33199543.01,1557387.67,0.04767,direct,
2020-05-11,0.04995,0.045,0.04767,21853609.33,1032825.53,0.04796,direct,
2020-05-12,0.05105,0.04796,0.04796,14358578.8,717016.97,0.05049,direct,
2020-05-13,0.05239,0.04989,0.05049,24400406.02,1250991.28,0.05168,direct,
2020-05-14,0.05212,0.05046,0.05168,16773794.66,860175.88,0.05111,direct,
2020-05-15,0.05192,0.04972,0.05111,14963357.52,759463.05,0.05025,direct,
2020-05-16,0.05182,0.04998,0.05025,9207758.05,468756.76,0.05097,direct,
2020-05-17,0.05226,0.05091,0.05097,12381155.11,637898.37,0.05136,direct,
2020-05-18,0.05497,0.05119,0.05136,18336363.2,987478.07,0.05422,direct,
2020-05-19,0.05717,0.05258,0.05422,20333114.3,1116186.46,0.05682,direct,
2020-05-20,0.05749,0.05382,0.05682,18151749.66,1017443.28,0.05692,direct,
2020-05-21,0.05754,0.05005,0.05692,37728620.16,2015741.97,0.05221,direct,
2020-05-22,0.05686,0.05124,0.05221,22534269.9,1218448.34,0.05578,direct,
2020-05-23,0.05652,0.05429,0.05578,13195138.29,730048.59,0.05498,direct,
2020-05-24,0.05617,0.05169,0.05498,17288700.11,934136.73,0.05169,direct,
2020-05-25,0.05436,0.05096,0.05169,16121997.65,848997.51,0.0539,direct,
2020-05-26,0.0541,0.052,0.0539,15390655.34,816636.42,0.05348,direct,
2020-05-27,0.05592,0.05316,0.05348,18830445.42,1034009.11,0.05508,direct,
2020-05-28,0.06759,0.05492,0.05508,64945839.43,4005632.93,0.0648,direct,
2020-05-29,0.06662,0.06267,0.0648,43633922.89,2819877.63,0.06462,direct,
2020-05-30,0.07809,0.0639,0.06462,89028472.0,6466560.69,0.07709,direct,
2020-05-31,0.08643,0.07219,0.07709,124159671.4,9934891.38,0.0742,direct,
2020-06-01,0.08336,0.07383,0.0742,60912046.42,4826926.76,0.08108,direct,
2020-06-02,0.08239,0.07237,0.08108,55922097.32,4392047.97,0.07869,direct,
2020-06-03,0.08573,0.07724,0.07869,56278932.61,4656512.81,0.08539,direct,
2020-06-04,0.09034,0.08407,0.08539,50753569.84,4456000.57,0.08882,direct,
2020-06-05,0.08933,0.08395,0.08882,35691496.09,3084456.1,0.08526,direct,
2020-06-06,0.08711,0.08482,0.08526,25652804.89,2207974.1,0.08621,direct,
2020-06-07,0.08854,0.08277,0.08621,40150469.54,3422075.37,0.08655,direct,
2020-06-08,0.08717,0.08476,0.08655,18383166.75,1579921.28,0.0865,direct,
2020-06-09,0.08681,0.083,0.0865,21087115.11,1786276.23,0.08301,direct,
2020-06-10,0.0839,0.07983,0.08301,40595841.89,3313494.23,0.0836,direct,
2020-06-11,0.08503,0.07394,0.0836,80198682.82,6258723.25,0.07514,direct,
2020-06-12,0.08054,0.07497,0.07514,34458634.45,2705161.98,0.07947,direct,
2020-06-13,0.07969,0.07739,0.07947,13345214.25,1044460.75,0.07912,direct,
2020-06-14,0.07919,0.07577,0.07912,11268871.71,870475.34,0.07645,direct,
2020-06-15,0.07986,0.06939,0.07645,64919006.45,4782594.13,0.07821,direct,
2020-06-16,0.07965,0.07684,0.07821,19619556.91,1538625.43,0.07911,direct,
2020-06-17,0.08419,0.07754,0.07911,43835127.7,3559879.49,0.08328,direct,
2020-06-18,0.08423,0.08001,0.08328,38646930.15,3168218.17,0.08206,direct,
2020-06-19,0.08206,0.07853,0.08206,25777569.36,2065453.79,0.07972,direct,
2020-06-20,0.08015,0.07721,0.07972,25558069.38,2011725.69,0.0795,direct,
2020-06-21,0.08084,0.07822,0.0795,16338444.16,1299537.33,0.07846,direct,
2020-06-22,0.08402,0.07825,0.07846,31727464.46,2591237.1,0.0839,direct,
2020-06-23,0.08438,0.08166,0.0839,30260463.75,2508337.77,0.0828,direct,
2020-06-24,0.08701,0.07997,0.0828,52212961.36,4357488.61,0.08242,direct,
2020-06-25,0.08324,0.07857,0.08242,26925369.1,2190676.23,0.08175,direct,
2020-06-26,0.08175,0.07945,0.08175,19278249.51,1553244.54,0.08059,direct,
2020-06-27,0.08099,0.07502,0.08059,38011442.53,2980795.67,0.07732,direct,
2020-06-28,0.08104,0.07609,0.07732,35095129.79,2757619.83,0.08018,direct,
2020-06-29,0.08429,0.08018,0.08018,44199172.93,3651241.62,0.08384,direct,
2020-06-30,0.0849,0.08193,0.08384,33535714.93,2806449.78,0.08369,direct,
2020-07-01,0.09781,0.08304,0.08369,101342924.55,9210644.86,0.09764,direct,
2020-07-02,0.09806,0.08767,0.09764,103589402.23,9697669.37,0.0933,direct,
2020-07-03,0.1019,0.09236,0.0933,115140216.38,11253047.43,0.09669,direct,
2020-07-04,0.1011,0.09604,0.09669,67584875.84,6665131.36,0.1001,direct,
2020-07-05,0.1002,0.09429,0.1001,64130897.21,6206483.95,0.09834,direct,
2020-07-06,0.1065,0.09732,0.09834,91227228.81,9230593.75,0.1051,direct,
2020-07-07,0.119,0.1031,0.1051,124066792.84,13754476.24,0.1178,direct,
2020-07-08,0.1382,0.1148,0.1178,201245656.93,25927270.24,0.1302,direct,
2020-07-09,0.1302,0.1174,0.1302,87688683.29,10718432.59,0.1241,direct,
2020-07-10,0.1242,0.1104,0.1241,91236571.45,10664902.39,0.1185,direct,
2020-07-11,0.1272,0.1179,0.1185,56982787.72,6953419.47,0.1254,direct,
2020-07-12,0.1285,0.1204,0.1254,61764206.85,7678205.39,0.127,direct,
2020-07-13,0.1356,0.1218,0.127,107476763.71,14045396.09,0.1245,direct,
2020-07-14,0.1346,0.121,0.1245,84601322.73,10840798.63,0.1324,direct,
2020-07-15,0.1326,0.1272,0.1324,51567729.41,6717894.03,0.1305,direct,
2020-07-16,0.133,0.1183,0.1305,81084407.5,10185246.7,0.126,direct,
2020-07-17,0.1265,0.1217,0.126,32866640.7,4077250.76,0.1225,direct,
2020-07-18,0.1248,0.1181,0.1225,38173921.23,4624184.7,0.1229,direct,
2020-07-19,0.1248,0.1213,0.1229,19219313.7,2366352.83,0.1241,direct,
2020-07-20,0.1244,0.1162,0.1241,30016356.37,3616554.55,0.1179,direct,
2020-07-21,0.1246,0.1169,0.1179,32063610.14,3920504.79,0.1232,direct,
2020-07-22,0.1247,0.1206,0.1232,26888921.38,3295127.8,0.1243,direct,
2020-07-23,0.1266,0.1239,0.1243,31883160.53,3988276.28,0.1243,direct,
2020-07-24,0.1244,0.1209,0.1243,23231772.34,2853283.03,0.1222,direct,
2020-07-25,0.1476,0.1222,0.1222,90658717.55,12257017.21,0.1439,direct,
2020-07-26,0.1548,0.1416,0.1439,102135323.35,15148310.83,0.1485,direct,
2020-07-27,0.1499,0.1309,0.1485,88880711.63,12444054.71,0.1389,direct,
2020-07-28,0.1515,0.1348,0.1389,60023892.54,8587742.32,0.1492,direct,
2020-07-29,0.1501,0.139,0.1492,49341140.89,7079110.51,0.14,direct,
2020-07-30,0.143,0.1376,0.14,34232329.05,4790492.51,0.1414,direct,
2020-07-31,0.1415,0.1366,0.1414,30855220.36,4301303.73,0.1396,direct,
2020-08-01,0.1477,0.1392,0.1396,48248016.55,6882347.5,0.1447,direct,
2020-08-02,0.1485,0.1304,0.1447,51720170.17,7125834.73,0.1343,direct,
2020-08-03,0.1437,0.1325,0.1343,26035269.39,3596407.85,0.1393,direct,
2020-08-04,0.1483,0.1386,0.1393,45244694.14,6475104.38,0.1435,direct,
2020-08-05,0.1454,0.1414,0.1435,24774885.73,3555740.86,0.1427,direct,
2020-08-06,0.1459,0.1406,0.1427,21371441.76,3065698.0,0.1445,direct,
2020-08-07,0.1476,0.1355,0.1445,28758771.84,4084540.04,0.1393,direct,
2020-08-08,0.1482,0.138,0.1393,31743527.99,4560754.32,0.1469,direct,
2020-08-09,0.1526,0.1424,0.1469,43546819.61,6408799.58,0.1454,direct,
2020-08-10,0.1465,0.143,0.1454,20380195.05,2949606.37,0.1442,direct,
2020-08-11,0.1445,0.1329,0.1442,37606981.06,5216291.43,0.137,direct,
2020-08-12,0.138,0.1243,0.137,42351700.55,5637753.74,0.1368,direct,
2020-08-13,0.1421,0.1324,0.1368,72152956.69,9896430.08,0.1394,direct,
2020-08-14,0.1416,0.1381,0.1394,25631427.3,3573221.32,0.1386,direct,
2020-08-15,0.1422,0.1368,0.1386,20648609.62,2868577.13,0.1386,direct,
2020-08-16,0.1397,0.1354,0.1386,21266449.25,2930121.71,0.139,direct,
2020-08-17,0.1448,0.138,0.139,31604303.32,4486526.24,0.1409,direct,
2020-08-18,0.1439,0.135,0.1409,30566945.08,4225551.94,0.1372,direct,
2020-08-19,0.1382,0.1272,0.1372,30577626.37,4035399.99,0.1297,direct,
2020-08-20,0.1346,0.1264,0.1297,62448950.02,8179896.62,0.1342,direct,
2020-08-21,0.1344,0.1216,0.1342,91440207.26,11776022.58,0.1229,direct,
2020-08-22,0.1262,0.1183,0.1229,84207229.64,10373929.94,0.1253,direct,
2020-08-23,0.1259,0.1195,0.1253,64772529.12,7945897.18,0.1215,direct,
2020-08-24,0.127,0.1201,0.1215,77809944.45,9662533.63,0.1237,direct,
2020-08-25,0.1238,0.1063,0.1237,65939158.71,7699604.99,0.1126,direct,
2020-08-26,0.1183,0.1107,0.1126,21686624.36,2483949.36,0.1144,direct,
2020-08-27,0.1157,0.1031,0.1144,42047628.18,4543389.04,0.1073,direct,
2020-08-28,0.1115,0.1062,0.1073,22381018.15,2446282.5,0.1096,direct,
2020-08-29,0.1181,0.1085,0.1096,19035365.18,2152707.54,0.1166,direct,
2020-08-30,0.1189,0.1142,0.1166,15233999.98,1778262.45,0.1176,direct,
2020-08-31,0.1268,0.1135,0.1176,30725729.98,3719129.86,0.1226,direct,
2020-09-01,0.1282,0.1196,0.1226,25472267.37,3161304.55,0.1247,direct,
2020-09-02,0.1266,0.1112,0.1247,31678493.54,3695898.13,0.1153,direct,
2020-09-03,0.1168,0.09493,0.1153,39020857.14,4109787.91,0.09523,direct,
2020-09-04,0.104,0.09295,0.09523,28411037.05,2820975.27,0.102,direct,
2020-09-05,0.1038,0.08638,0.102,38945014.35,3634392.92,0.08985,direct,
2020-09-06,0.09555,0.08566,0.08985,22067569.72,2030802.02,0.09271,direct,
2020-09-07,0.09418,0.08641,0.09271,29832368.29,2694766.3,0.09351,direct,
2020-09-08,0.09681,0.08854,0.09351,17921868.2,1643330.15,0.09104,direct,
2020-09-09,0.09611,0.08937,0.09104,14871771.33,1393806.22,0.09338,direct,
2020-09-10,0.09949,0.09338,0.09338,34233270.59,3355701.4,0.09714,direct,
2020-09-11,0.0975,0.09333,0.09714,10686012.02,1022133.04,0.097,direct,
2020-09-12,0.09847,0.09471,0.097,14426083.83,1394048.45,0.09779,direct,
2020-09-13,0.09973,0.09284,0.09779,12757205.34,1223577.3,0.09503,direct,
2020-09-14,0.09766,0.09311,0.09503,14031871.66,1347634.01,0.09677,direct,
2020-09-15,0.09774,0.09309,0.09677,10549344.97,1007778.53,0.09334,direct,
2020-09-16,0.09347,0.0899,0.09334,19004473.36,1732349.11,0.09145,direct,
2020-09-17,0.09455,0.09104,0.09145,14239277.3,1322276.01,0.09418,direct,
2020-09-18,0.09418,0.08992,0.09418,15829270.53,1455764.58,0.09105,direct,
2020-09-19,0.09295,0.0906,0.09105,8773348.45,806753.28,0.09145,direct,
2020-09-20,0.09223,0.0879,0.09145,18239845.06,1640258.51,0.08939,direct,
2020-09-21,0.09012,0.07812,0.08939,22630313.39,1839347.41,0.07988,direct,
2020-09-22,0.08324,0.07917,0.07988,20807187.83,1690151.38,0.0816,direct,
2020-09-23,0.08271,0.07571,0.0816,19708936.76,1548158.35,0.07665,direct,
2020-09-24,0.08376,0.07577,0.07665,14272679.47,1142743.17,0.08271,direct,
2020-09-25,0.09835,0.08254,0.08271,35887531.7,3322453.95,0.09702,direct,
2020-09-26,0.09983,0.09243,0.09702,17556413.48,1680759.27,0.09553,direct,
2020-09-27,0.1026,0.09447,0.09553,23596867.56,2344976.78,0.1013,direct,
2020-09-28,0.1066,0.09997,0.1013,30540940.22,3176225.4,0.1005,direct,
2020-09-29,0.1033,0.09753,0.1005,14137019.55,1417552.57,0.1012,direct,
2020-09-30,0.1015,0.09687,0.1012,15044606.25,1492529.94,0.1011,direct,
2020-10-01,0.1046,0.09509,0.1011,24236719.53,2418745.11,0.098,direct,
2020-10-02,0.1003,0.08993,0.098,29575368.77,2779564.0,0.09287,direct,
2020-10-03,0.09532,0.09231,0.09287,13084656.07,1234171.94,0.09331,direct,
2020-10-04,0.09805,0.09232,0.09331,10354869.0,989314.96,0.09692,direct,
2020-10-05,0.09948,0.09606,0.09692,12615428.61,1231314.24,0.09754,direct,
2020-10-06,0.09861,0.09152,0.09754,16411624.11,1547441.48,0.09293,direct,
2020-10-07,0.09438,0.08951,0.09293,9888533.69,911634.23,0.09369,direct,
2020-10-08,0.09723,0.09012,0.09369,12236760.97,1154918.05,0.09629,direct,
2020-10-09,0.1026,0.09501,0.09629,18657546.29,1832464.47,0.1015,direct,
2020-10-10,0.1113,0.1015,0.1015,27421077.08,2938403.07,0.1052,direct,
2020-10-11,0.1091,0.1043,0.1052,14185552.77,1516924.15,0.1066,direct,
2020-10-12,0.1138,0.1023,0.1066,38595286.15,4169415.95,0.1095,direct,
2020-10-13,0.114,0.1078,0.1095,20433258.44,2259021.62,0.1094,direct,
2020-10-14,0.1123,0.1054,0.1094,14040545.93,1523468.07,0.1073,direct,
2020-10-15,0.1078,0.1046,0.1073,14517725.18,1545731.2,0.1067,direct,
2020-10-16,0.1073,0.1024,0.1067,14150634.42,1477493.06,0.1043,direct,
2020-10-17,0.1073,0.1035,0.1043,7993435.23,845866.08,0.1061,direct,
2020-10-18,0.1076,0.1053,0.1061,4905747.42,522842.71,0.1075,direct,
2020-10-19,0.111,0.1062,0.1075,11367287.09,1236647.93,0.1087,direct,
2020-10-20,0.1088,0.1008,0.1087,20036522.11,2088279.31,0.1024,direct,
2020-10-21,0.1086,0.1016,0.1024,22322860.33,2369495.28,0.1062,direct,
2020-10-22,0.1128,0.1055,0.1062,28969515.17,3182909.94,0.1108,direct,
2020-10-23,0.1119,0.1054,0.1108,16072238.51,1748391.43,0.1081,direct,
2020-10-24,0.1099,0.1075,0.1081,9978568.06,1084542.9,0.108,direct,
2020-10-25,0.1088,0.1063,0.108,7765066.19,833833.52,0.1066,direct,
2020-10-26,0.1076,0.09928,0.1066,21426361.24,2210180.68,0.1032,direct,
2020-10-27,0.1056,0.102,0.1032,12225473.48,1272401.74,0.1029,direct,
2020-10-28,0.1034,0.09549,0.1029,13184426.15,1312948.99,0.09909,direct,
2020-10-29,0.1006,0.09511,0.09909,11617425.77,1135660.43,0.09534,direct,
2020-10-30,0.09562,0.09009,0.09534,19725177.12,1833788.35,0.09344,direct,
2020-10-31,0.09549,0.09237,0.09344,11383673.83,1068315.34,0.09311,direct,
2020-11-01,0.09862,0.09276,0.09311,11070469.7,1060572.31,0.09818,direct,
2020-11-02,0.1,0.09169,0.09818,15145058.72,1450758.66,0.09258,direct,
2020-11-03,0.09385,0.08843,0.09258,8682116.06,798333.67,0.09365,direct,
2020-11-04,0.09609,0.09184,0.09365,8869556.22,836836.2,0.09553,direct,
2020-11-05,0.09809,0.09233,0.09553,9738896.5,939521.62,0.09772,direct,
2020-11-06,0.11,0.09737,0.09772,21237515.99,2247981.77,0.1093,direct,
2020-11-07,0.1135,0.09938,0.1093,18233056.74,1949809.99,0.1013,direct,
2020-11-08,0.1082,0.1003,0.1013,10721470.15,1130010.77,0.1068,direct,
2020-11-09,0.1079,0.1014,0.1068,10789091.57,1129523.16,0.1054,direct,
2020-11-10,0.1089,0.1038,0.1054,12496701.79,1325913.86,0.1059,direct,
2020-11-11,0.109,0.1058,0.1059,20847608.45,2242518.34,0.1061,direct,
2020-11-12,0.1067,0.1028,0.1061,18948846.51,1989421.82,0.1048,direct,
2020-11-13,0.108,0.1044,0.1048,12262248.65,1303383.85,0.1066,direct,
2020-11-14,0.1072,0.1017,0.1066,14685562.53,1528146.66,0.1044,direct,
2020-11-15,0.1051,0.09875,0.1044,14640517.3,1490553.89,0.1006,direct,
2020-11-16,0.1053,0.09971,0.1006,19915493.14,2059587.28,0.1039,direct,
2020-11-17,0.1123,0.1037,0.1039,34339903.07,3733066.96,0.1097,direct,
2020-11-18,0.1117,0.1033,0.1097,25822736.47,2768073.15,0.1067,direct,
2020-11-19,0.1081,0.1045,0.1067,17330380.19,1843738.64,0.1059,direct,
2020-11-20,0.1189,0.1058,0.1059,69327854.13,7785803.68,0.1184,direct,
2020-11-21,0.1346,0.1166,0.1184,101006819.73,12726938.19,0.1338,direct,
2020-11-22,0.1534,0.1202,0.1338,144410723.17,19914597.88,0.146,direct,
2020-11-23,0.1601,0.1413,0.146,104160352.18,15797789.58,0.1544,direct,
2020-11-24,0.1828,0.1446,0.1544,151683939.12,25277534.86,0.1673,direct,
2020-11-25,0.1758,0.1484,0.1673,91310511.64,15105251.29,0.1563,direct,
2020-11-26,0.1608,0.1239,0.1563,92995596.5,12665830.63,0.1413,direct,
2020-11-27,0.1458,0.1314,0.1413,35479658.44,4897217.7,0.1418,direct,
2020-11-28,0.1721,0.1393,0.1418,75939727.3,12130810.84,0.1652,direct,
2020-11-29,0.1711,0.1575,0.1652,32736860.35,5364901.04,0.167,direct,
2020-11-30,0.1739,0.1604,0.167,64657845.14,10891578.85,0.1723,direct,
2020-12-01,0.1744,0.1444,0.1723,74183489.63,11891637.88,0.1556,direct,
2020-12-02,0.1597,0.1511,0.1556,28043554.92,4384474.22,0.1587,direct,
2020-12-03,0.1685,0.1559,0.1587,31702945.26,5143908.19,0.1642,direct,
2020-12-04,0.1646,0.1463,0.1642,44654743.98,6964126.02,0.1479,direct,
2020-12-05,0.1619,0.1462,0.1479,23344689.67,3642052.91,0.16,direct,
2020-12-06,0.1627,0.1535,0.16,23300655.04,3678379.8,0.1588,direct,
2020-12-07,0.1589,0.1516,0.1588,19692214.92,3050549.45,0.1541,direct,
2020-12-08,0.1549,0.1382,0.1541,37967715.42,5532867.23,0.1411,direct,
2020-12-09,0.1501,0.1301,0.1411,55964014.6,7876917.48,0.1482,direct,
2020-12-10,0.1486,0.1396,0.1482,26943159.15,3883600.22,0.1419,direct,
2020-12-11,0.1427,0.1349,0.1419,24649228.89,3420946.16,0.1392,direct,
2020-12-12,0.1473,0.1388,0.1392,31508892.3,4567986.16,0.1443,direct,
2020-12-13,0.1567,0.1431,0.1443,31643931.94,4791441.66,0.1538,direct,
2020-12-14,0.1586,0.1498,0.1538,28166070.4,4331596.84,0.1586,direct,
2020-12-15,0.16,0.1529,0.1586,33416129.4,5217915.01,0.154,direct,
2020-12-16,0.1684,0.1494,0.154,56077403.06,8968769.03,0.1684,direct,
2020-12-17,0.1763,0.1611,0.1684,73621449.08,12384494.9,0.1635,direct,
2020-12-18,0.1693,0.1587,0.1635,29505121.78,4825901.05,0.1653,direct,
2020-12-19,0.1707,0.1634,0.1653,29637743.95,4953325.83,0.1646,direct,
2020-12-20,0.1691,0.1578,0.1646,28707001.96,4697140.89,0.1623,direct,
2020-12-21,0.1662,0.1471,0.1623,40961114.69,6327601.04,0.153,direct,
2020-12-22,0.1686,0.1491,0.153,51556793.05,8084253.89,0.1569,direct,
2020-12-23,0.1579,0.1264,0.1569,82469399.78,11850537.46,0.1367,direct,
2020-12-24,0.1546,0.1316,0.1367,58182047.88,8314632.11,0.1532,direct,
2020-12-25,0.1671,0.1504,0.1532,57339051.43,9046490.58,0.1575,direct,
2020-12-26,0.1623,0.149,0.1575,60893229.12,9476118.4,0.1581,direct,
2020-12-27,0.1657,0.1494,0.1581,66812672.42,10546356.77,0.1542,direct,
2020-12-28,0.1798,0.1528,0.1542,90862361.78,15342391.65,0.1763,direct,
2020-12-29,0.1967,0.1731,0.1763,191031710.11,35472220.84,0.1906,direct,
2020-12-30,0.1933,0.1753,0.1906,80297570.74,14660504.53,0.1839,direct,
2020-12-31,0.1863,0.1756,0.1839,61138721.63,11000777.69,0.1817,direct,
2021-01-01,0.1848,0.1596,0.1817,62602004.31,11119437.38,0.1755,direct,
2021-01-02,0.1847,0.1689,0.1755,83287104.58,14807147.65,0.1772,direct,
2021-01-03,0.2097,0.1721,0.1772,124310423.46,23943844.21,0.2062,direct,
2021-01-04,0.241,0.1926,0.2062,183864145.4,39761970.16,0.2258,direct,
2021-01-05,0.2648,0.2075,0.2258,152184319.26,36447288.6,0.2595,direct,
2021-01-06,0.347,0.2548,0.2595,251278565.27,75062476.73,0.3342,direct,
2021-01-07,0.3557,0.2786,0.3342,216076600.11,69013059.56,0.299,direct,
2021-01-08,0.321,0.2626,0.299,195207749.83,57645527.08,0.3042,direct,
2021-01-09,0.3392,0.2966,0.3042,95746830.37,30471456.57,0.3315,direct,
2021-01-10,0.3415,0.2797,0.3315,125496099.04,39276768.66,0.3019,direct,
2021-01-11,0.3035,0.2292,0.3019,209193541.45,55059337.11,0.276,direct,
2021-01-12,0.3145,0.2637,0.276,141896777.81,40768117.65,0.2888,direct,
2021-01-13,0.3156,0.2708,0.2888,100063474.64,29254520.16,0.3128,direct,
2021-01-14,0.324,0.2967,0.3128,96351738.5,30008031.17,0.311,direct,
2021-01-15,0.3311,0.2775,0.311,130744147.26,40231461.68,0.3027,direct,
2021-01-16,0.3668,0.3021,0.3027,168377304.49,57646426.87,0.3511,direct,
2021-01-17,0.3974,0.3415,0.3511,188931087.27,70590866.8,0.3815,direct,
2021-01-18,0.3968,0.3643,0.3815,96421115.06,36173045.45,0.3709,direct,
2021-01-19,0.3848,0.3628,0.3709,81809329.57,30468473.23,0.3681,direct,
2021-01-20,0.3769,0.3303,0.3681,119110009.91,42311316.44,0.3758,direct,
2021-01-21,0.3793,0.2998,0.3758,137186941.84,46234468.07,0.3081,direct,
2021-01-22,0.3598,0.2794,0.3081,160918646.62,51412369.05,0.3496,direct,
2021-01-23,0.3579,0.3361,0.3496,59481663.0,20684398.78,0.3457,direct,
2021-01-24,0.3695,0.3369,0.3457,65222679.2,23010866.72,0.3538,direct,
2021-01-25,0.3644,0.3403,0.3538,63118579.76,22356564.72,0.3431,direct,
2021-01-26,0.3508,0.3246,0.3431,53941423.19,18304607.46,0.3445,direct,
2021-01-27,0.3445,0.3045,0.3445,77725360.7,24885033.8,0.3124,direct,
2021-01-28,0.3562,0.3053,0.3124,85849544.22,28863977.84,0.3446,direct,
2021-01-29,0.3689,0.3313,0.3446,108027303.41,38155866.51,0.348,direct,
2021-01-30,0.3766,0.3373,0.348,79279638.55,28198025.45,0.3637,direct,
2021-01-31,0.3771,0.3382,0.3637,63326780.48,22361381.2,0.3454,direct,
2021-02-01,0.424,0.3333,0.3454,160666802.46,60483981.25,0.4084,direct,
2021-02-02,0.456,0.3897,0.4084,220016957.11,92862946.45,0.4255,direct,
2021-02-03,0.45,0.4159,0.4255,90625146.79,39240175.4,0.443,direct,
2021-02-04,0.4502,0.4118,0.443,88776316.72,38419535.94,0.4405,direct,
2021-02-05,0.5606,0.4372,0.4405,246908063.48,125431451.18,0.5408,direct,
2021-02-06,0.6678,0.5222,0.5408,216958315.34,127860973.86,0.6348,direct,
2021-02-07,0.709,0.5817,0.6348,275067511.25,176857045.85,0.6642,direct,
2021-02-08,0.7247,0.633,0.6642,193209201.73,131859938.91,0.6778,direct,
2021-02-09,0.7128,0.6664,0.6778,110375875.89,75937842.83,0.7066,direct,
2021-02-10,0.9522,0.7066,0.7066,314624462.33,260113323.13,0.9414,direct,
2021-02-11,0.98,0.8678,0.9414,210196358.99,194864093.78,0.9292,direct,
2021-02-12,0.948,0.8665,0.9292,153168768.06,139894566.1,0.9273,direct,
2021-02-13,0.9525,0.8103,0.9273,123895617.62,111626072.9,0.9137,direct,
2021-02-14,0.9198,0.808,0.9137,102810835.23,88447427.04,0.845,direct,
2021-02-15,0.9118,0.6895,0.845,207417748.25,170657663.92,0.8605,direct,
2021-02-16,0.9055,0.8351,0.8605,100201261.7,87525330.81,0.8712,direct,
2021-02-17,0.8989,0.823,0.8712,90306594.47,78123135.0,0.8922,direct,
2021-02-18,0.9577,0.8922,0.8922,117951335.8,109053623.75,0.9144,direct,
2021-02-19,0.946,0.8793,0.9144,106665866.47,98242322.07,0.9267,direct,
2021-02-20,1.197,0.915,0.9267,334277624.8,362628163.95,1.118,direct,
2021-02-21,1.152,1.071,1.118,103649331.24,115163142.52,1.101,direct,
2021-02-22,1.147,0.5628,1.101,303319068.22,303751439.04,1.099,direct,
2021-02-23,1.14,0.824,1.099,330321496.13,316455622.97,0.9634,direct,
2021-02-24,1.077,0.9001,0.9634,176953216.91,179591449.55,1.05,direct,
2021-02-25,1.176,1.014,1.05,196589120.03,216004171.13,1.074,direct,
2021-02-26,1.298,0.9909,1.074,335571844.14,387757271.85,1.242,direct,
2021-02-27,1.484,1.23,1.242,339280468.04,461041081.63,1.319,direct,
2021-02-28,1.363,1.159,1.319,264380184.08,330771774.69,1.315,direct,
2021-03-01,1.351,1.235,1.315,160758952.74,206865849.13,1.297,direct,
2021-03-02,1.301,1.181,1.297,146519335.25,179723724.21,1.225,direct,
2021-03-03,1.268,1.211,1.225,91995354.94,113944985.07,1.215,direct,
2021-03-04,1.231,1.064,1.215,163819713.4,187069602.2,1.113,direct,
2021-03-05,1.198,1.034,1.113,179802911.51,202237049.19,1.16,direct,
2021-03-06,1.183,1.086,1.16,77570528.96,87291823.31,1.129,direct,
2021-03-07,1.145,1.107,1.129,62982521.4,71038826.13,1.131,direct,
2021-03-08,1.179,1.106,1.131,71328069.96,80919572.91,1.119,direct,
2021-03-09,1.22,1.109,1.119,104923879.9,122145225.55,1.199,direct,
2021-03-10,1.208,1.114,1.199,68316806.03,79303624.65,1.133,direct,
2021-03-11,1.14,1.11,1.133,54800404.16,61539023.85,1.125,direct,
2021-03-12,1.129,1.026,1.125,107898739.64,115244741.31,1.032,direct,
2021-03-13,1.19,0.9845,1.032,127124559.12,138266906.79,1.101,direct,
2021-03-14,1.102,1.054,1.101,55832558.81,60228389.26,1.054,direct,
2021-03-15,1.07,1.001,1.054,82773599.54,85851955.54,1.031,direct,
2021-03-16,1.296,1.001,1.031,237296685.76,278440557.67,1.25,direct,
2021-03-17,1.43,1.204,1.25,210004375.19,271357791.75,1.378,direct,
2021-03-18,1.473,1.223,1.378,293819951.7,399633565.61,1.231,direct,
2021-03-19,1.342,1.181,1.231,162068466.18,206221559.8,1.296,direct,
2021-03-20,1.309,1.2,1.296,94894574.9,119155651.08,1.201,direct,
2021-03-21,1.242,1.16,1.201,71949933.29,86559429.33,1.187,direct,
2021-03-22,1.207,1.068,1.187,113344380.66,130739048.26,1.102,direct,
2021-03-23,1.174,1.083,1.102,65992756.55,74523927.41,1.115,direct,
2021-03-24,1.165,1.038,1.115,74277706.92,82429869.26,1.069,direct,
2021-03-25,1.152,1.047,1.069,80026467.6,88128045.05,1.097,direct,
2021-03-26,1.288,1.096,1.097,101137102.76,121476617.54,1.215,direct,
2021-03-27,1.239,1.157,1.215,45036176.05,53645703.52,1.177,direct,
2021-03-28,1.219,1.168,1.177,29216414.84,34690027.5,1.19,direct,
2021-03-29,1.229,1.179,1.19,39472154.87,47517856.01,1.203,direct,
2021-03-30,1.235,1.19,1.203,36309459.19,44055807.04,1.213,direct,
2021-03-31,1.213,1.155,1.213,41610105.3,49419154.93,1.192,direct,
2021-04-01,1.207,1.173,1.192,33275572.07,39610869.69,1.184,direct,
2021-04-02,1.243,1.181,1.184,44558829.92,53670646.03,1.191,direct,
2021-04-03,1.24,1.16,1.191,46607970.5,56241858.14,1.164,direct,
2021-04-04,1.193,1.152,1.164,22622761.58,26614176.02,1.182,direct,
2021-04-05,1.225,1.163,1.182,42751953.78,51005972.05,1.212,direct,
2021-04-06,1.342,1.191,1.212,99411416.15,125201929.16,1.254,direct,
2021-04-07,1.289,1.161,1.254,59350388.45,71819740.02,1.174,direct,
2021-04-08,1.224,1.171,1.174,26815773.65,32253308.38,1.219,direct,
2021-04-09,1.228,1.193,1.219,23377196.25,28257531.97,1.202,direct,
2021-04-10,1.251,1.195,1.202,42965535.78,52424983.51,1.218,direct,
2021-04-11,1.289,1.199,1.218,63460823.73,79402786.4,1.263,direct,
2021-04-12,1.346,1.263,1.263,81415737.63,106273611.71,1.315,direct,
2021-04-13,1.435,1.283,1.315,98915806.3,135881399.53,1.413,direct,
2021-04-14,1.557,1.352,1.413,163320174.9,237618966.88,1.453,direct,
2021-04-15,1.495,1.411,1.453,62456329.38,91361179.8,1.48,direct,
2021-04-16,1.52,1.336,1.48,106390606.94,150923353.27,1.412,direct,
2021-04-17,1.458,1.36,1.412,46971355.45,66187782.06,1.373,direct,
2021-04-18,1.384,1.07,1.373,146982174.86,180334143.37,1.279,direct,
2021-04-19,1.325,1.172,1.279,76316948.77,94881758.67,1.196,direct,
2021-04-20,1.282,1.123,1.196,117046875.25,139661587.07,1.269,direct,
2021-04-21,1.288,1.197,1.269,71564766.76,89127169.02,1.204,direct,
2021-04-22,1.28,1.118,1.204,94197317.03,113264449.04,1.145,direct,
2021-04-23,1.168,0.9336,1.145,166994383.44,177927123.17,1.159,direct,
2021-04-24,1.198,1.095,1.159,56509344.34,64373069.19,1.105,direct,
2021-04-25,1.147,1.021,1.105,55037847.27,60110463.11,1.092,direct,
2021-04-26,1.253,1.082,1.092,76759810.28,91822699.54,1.238,direct,
2021-04-27,1.334,1.226,1.238,66771936.04,86043075.28,1.309,direct,
2021-04-28,1.351,1.237,1.309,68614756.75,89611154.11,1.338,direct,
2021-04-29,1.411,1.269,1.338,101648115.6,135826339.77,1.308,direct,
2021-04-30,1.372,1.286,1.308,50052217.88,67299102.94,1.354,direct,
2021-05-01,1.369,1.318,1.354,32907572.49,44184231.43,1.353,direct,
2021-05-02,1.356,1.296,1.353,34539324.95,45874211.47,1.328,direct,
2021-05-03,1.38,1.323,1.328,49539926.13,67078921.8,1.363,direct,
2021-05-04,1.366,1.258,1.363,78174612.14,102040241.87,1.273,direct,
2021-05-05,1.495,1.262,1.273,132698829.76,186707971.99,1.48,direct,
2021-05-06,1.703,1.431,1.48,248439869.69,393108691.29,1.649,direct,
2021-05-07,1.746,1.53,1.649,143471668.81,236892851.89,1.655,direct,
2021-05-08,1.656,1.566,1.655,66723770.76,107546719.75,1.623,direct,
2021-05-09,1.832,1.575,1.623,149033505.43,259727793.62,1.77,direct,
2021-05-10,1.825,1.539,1.77,119139424.53,203186962.07,1.645,direct,
2021-05-11,1.779,1.598,1.645,86825930.82,147393918.82,1.764,direct,
2021-05-12,1.822,1.544,1.764,117923531.86,202920466.15,1.559,direct,
2021-05-13,1.969,1.505,1.559,277567729.27,501409792.93,1.929,direct,
2021-05-14,2.042,1.816,1.929,105450842.05,202713436.1,2.009,direct,
2021-05-15,2.377,1.967,2.009,230361605.01,507407769.29,2.175,direct,
2021-05-16,2.462,2.013,2.175,204747006.72,459097571.19,2.307,direct,
2021-05-17,2.329,1.863,2.307,207897425.99,433216591.32,2.031,direct,
2021-05-18,2.15,1.976,2.031,102282752.3,209644283.58,2.006,direct,
2021-05-19,2.028,1.04,2.006,485149767.62,781513663.93,1.471,direct,
2021-05-20,1.947,1.343,1.471,267425584.55,453228691.95,1.802,direct,
2021-05-21,1.869,1.326,1.802,210582240.42,331991066.24,1.551,direct,
2021-05-22,1.598,1.372,1.551,120486536.68,180081183.25,1.465,direct,
2021-05-23,1.54,1.056,1.465,273047711.93,338925172.59,1.316,direct,
2021-05-24,1.598,1.261,1.316,153104894.19,223656156.58,1.551,direct,
2021-05-25,1.648,1.439,1.551,110423295.91,170343022.26,1.554,direct,
2021-05-26,1.83,1.554,1.554,166970256.11,286276096.06,1.782,direct,
2021-05-27,1.789,1.612,1.782,81039522.55,136768582.33,1.654,direct,
2021-05-28,1.679,1.453,1.654,113909913.34,175907135.93,1.514,direct,
2021-05-29,1.561,1.337,1.514,94835377.6,134907385.46,1.404,direct,
2021-05-30,1.698,1.35,1.404,111333955.94,175310366.49,1.576,direct,
2021-05-31,1.749,1.527,1.576,92549197.39,151571562.7,1.74,direct,
2021-06-01,1.778,1.656,1.74,89289741.64,153824983.71,1.735,direct,
2021-06-02,1.803,1.719,1.735,70843082.78,125311773.24,1.754,direct,
2021-06-03,1.889,1.713,1.754,68095787.54,123894855.24,1.845,direct,
2021-06-04,1.847,1.609,1.845,103679293.67,177339958.74,1.708,direct,
2021-06-05,1.782,1.611,1.708,59552744.16,100757323.29,1.657,direct,
2021-06-06,1.707,1.648,1.657,28587263.7,47914801.67,1.677,direct,
2021-06-07,1.742,1.552,1.677,74709674.46,124304327.8,1.565,direct,
2021-06-08,1.597,1.401,1.565,127317896.46,193098516.83,1.584,direct,
2021-06-09,1.634,1.486,1.584,78623452.53,123181287.7,1.627,direct,
2021-06-10,1.636,1.509,1.627,49345825.88,77042169.74,1.533,direct,
2021-06-11,1.547,1.421,1.533,53779603.79,79811144.13,1.436,direct,
2021-06-12,1.493,1.358,1.436,53575668.29,76321912.81,1.477,direct,
2021-06-13,1.58,1.402,1.477,57311262.3,85040079.32,1.559,direct,
2021-06-14,1.594,1.508,1.559,50552655.37,78537353.52,1.577,direct,
2021-06-15,1.611,1.548,1.577,23720778.78,37440772.55,1.554,direct,
2021-06-16,1.574,1.475,1.556,33630086.7,51011496.16,1.484,direct,
2021-06-17,1.538,1.482,1.484,10025168.46,15230612.73,1.504,direct,
2021-06-18,1.492,1.376,1.482,42845486.42,61044771.63,1.415,direct,
2021-06-19,1.441,1.384,1.415,30935731.87,43756712.75,1.385,direct,
2021-06-20,1.459,1.308,1.385,62682578.03,86425758.38,1.426,direct,
2021-06-21,1.436,1.168,1.426,117603690.09,151459034.1,1.176,direct,
2021-06-22,1.263,1.129,1.176,32979898.81,39366979.22,1.162,direct,
2021-06-23,1.309,1.12,1.155,76099805.37,94201708.13,1.247,direct,
2021-06-24,1.359,1.202,1.251,35423157.91,45910974.03,1.355,direct,
2021-06-25,1.394,1.245,1.358,35711439.09,46735357.68,1.255,direct,
2021-06-26,1.29,1.199,1.255,23828426.47,29606234.94,1.251,direct,
2021-06-27,1.347,1.244,1.251,18045667.2,23229043.91,1.337,direct,
2021-06-28,1.349,1.306,1.337,20007782.15,26582760.61,1.326,direct,
2021-06-29,1.42,1.321,1.326,26113269.33,35934284.11,1.371,direct,
2021-06-30,1.38,1.32,1.371,66605166.11,63324341.47,1.34,direct,
2021-07-01,1.385,1.304,1.384,19152135.63,25647402.09,1.336,direct,
2021-07-02,1.395,1.286,1.336,21501102.96,28875675.07,1.395,direct,
2021-07-03,1.442,1.359,1.395,15850465.44,22294048.93,1.405,direct,
2021-07-04,1.494,1.384,1.405,13124080.94,18953697.63,1.46,direct,
2021-07-05,1.461,1.378,1.46,17137092.85,24248377.49,1.405,direct,
2021-07-06,1.456,1.391,1.405,14694839.8,20895199.24,1.418,direct,
2021-07-07,1.439,1.406,1.418,113999518.63,194380083.76,1.433,direct,
2021-07-08,1.405,1.366,1.403,120153367.33,229093116.99,1.372,direct,
2021-07-09,1.345,1.288,1.329,125356770.16,168990536.23,1.332,direct,
